cell,cell_type,Batch
AAACACCAATAACTGC-1,BCell,B1
AAACAGAGCGACTCCT-1,NKer1,B1
AAACAGCTTTCAGAAG-1,MDC 1.00,B1
AAACAGGGTCTATATT-1,MDC 1.00,B1
AAACATGGTGAGAGGA-1,MDC 1.00,B1
AAACCCGAACGAAATC-1,NKer1,B1
AAACCGGGTAGGTACC-1,Fib,B1
AAACCGTTCGTCCAGG-1,Fib,B1
AAACCTAAGCAGCCGG-1,Fib,B1
AAACCTCATGAAGTTG-1,MDC 1.00,B1
AAACGAAGAACATACC-1,NKer3,B1
AAACGAAGATGGAGTA-1,BCell,B1
AAACGAGACGGTTGAT-1,TKer1,B1
AAACGGTTGCGAACTG-1,Endo,B1
AAACTCGGTTCGCAAT-1,Fib,B1
AAACTGCTGGCTCCAA-1,TKer1,B1
AAACTTAATTGCACGC-1,MDC 1.00,B1
AAACTTGCAAACGTAT-1,BCell,B1
AAAGAATGACCTTAGA-1,BCell,B1
AAAGAATGTGGACTAA-1,Fib,B1
AAAGACCCAAGTCGCG-1,NKer3,B1
AAAGACTGGGCGCTTT-1,MDC 1.00,B1
AAAGGCCCTATAATAC-1,Fib,B1
AAAGGCTACGGACCAT-1,Fib,B1
AAAGGCTCTCGCGCCG-1,Fib,B1
AAAGGGATGTAGCAAG-1,MDC 2.00,B1
AAAGGGCAGCTTGAAT-1,MDC 1.00,B1
AAAGTAGCATTGCTCA-1,BCell,B1
AAAGTCACTGATGTAA-1,MDC 2.00,B1
AAAGTCGACCCTCAGT-1,MDC 1.00,B1
AAAGTGTGATTTATCT-1,NKer2,B1
AAAGTTGACTCCCGTA-1,NKer2,B1
AAATAACCATACGGGA-1,NKer1,B1
AAATAAGGTAGTGCCC-1,NKer2,B1
AAATACCTATAAGCAT-1,NKer1,B1
AAATAGCTTAGACTTT-1,NKer2,B1
AAATAGGGTGCTATTG-1,NKer1,B1
AAATCCGATACACGCC-1,Fib,B1
AAATCGCGGAAGGAGT-1,BCell,B1
AAATCGTGTACCACAA-1,TKer1,B1
AAATCTGCCCGCGTCC-1,MDC 1.00,B1
AAATGATTCGATCAGC-1,NKer1,B1
AAATGGCATGTCTTGT-1,MDC 2.00,B1
AAATGGCCCGTGCCCT-1,MDC 1.00,B1
AAATGGTCAATGTGCC-1,Fib,B1
AAATGTGGGTGCTCCT-1,MDC 3.00,B1
AAATTAACGGGTAGCT-1,Fib,B1
AAATTAATAAGCGCGA-1,NKer3,B1
AAATTACACGACTCTG-1,TKer1,B1
AAATTACCTATCGATG-1,Endo,B1
AAATTCCAGGTCCAAA-1,NKer2,B1
AAATTGATAGTCCTTT-1,MDC 1.00,B1
AAATTTACCGAAATCC-1,Fib,B1
AAATTTGCGGGTGTGG-1,BCell,B1
AACAACTGGTAGTTGC-1,MDC 2.00,B1
AACAATACATTGTCGA-1,Fib,B1
AACAATTACTCTACGC-1,TCell,B1
AACACGACTGTACTGA-1,MDC 2.00,B1
AACACGAGACGCGGCC-1,BCell,B1
AACAGCTGTGTGGCAA-1,BCell,B1
AACAGGAAATCGAATA-1,MDC 2.00,B1
AACAGGATGGGCCGCG-1,MDC 1.00,B1
AACAGGTAGTATGGAT-1,Fib,B1
AACATATCAACTGGTG-1,Fib,B1
AACATTGAAGTTGATC-1,MDC 1.00,B1
AACATTGTGACTCGAG-1,Mel,B1
AACCAAGACTTCTCTG-1,TCell,B1
AACCAGTATCACTCTT-1,Endo,B1
AACCATGGGATCGCTA-1,MDC 3.00,B1
AACCCAGAGACGGAGA-1,NKer3,B1
AACCCATCCCATGATC-1,BCell,B1
AACCCGAGCAGAATCG-1,TKer1,B1
AACCCTACTGTCAATA-1,NKer2,B1
AACCCTGGTGGAACCA-1,MDC 2.00,B1
AACCGAGCTTGGTCAT-1,NKer1,B1
AACCGCTAAGGGATGC-1,NKer2,B1
AACCGTTGTGTTTGCT-1,MDC 2.00,B1
AACCTAAAGCCGTCCG-1,NKer3,B1
AACCTTTAAATACGGT-1,TKer1,B1
AACCTTTACGACGTCT-1,Fib,B1
AACGAAAGTCGTCCCA-1,BCell,B1
AACGATAATGCCGTAG-1,TKer1,B1
AACGATAGAAGGGCCG-1,MDC 2.00,B1
AACGATATGTCAACTG-1,Fib,B1
AACGCATGATCTGGGT-1,NKer1,B1
AACGCGACCTTGGGCG-1,Mel,B1
AACGCGGTCTCCAGCC-1,TKer1,B1
AACGCTGTTGCTGAAA-1,NKer1,B1
AACGGACGTACGTATA-1,NKer1,B1
AACGGCCATCTCCGGT-1,Fib,B1
AACGTACTGTGGGTAC-1,Fib,B1
AACGTCAGACTAGTGG-1,MDC 2.00,B1
AACGTCGCTGCACTTC-1,Mel,B1
AACGTGATGAAGGACA-1,Fib,B1
AACGTGCGAAAGTCTC-1,TKer1,B1
AACTACCCGTTTGTCA-1,NKer1,B1
AACTAGCGTATCGCAC-1,MDC 3.00,B1
AACTAGGCTTGGGTGT-1,Fib,B1
AACTCAAGTTAATTGC-1,Fib,B1
AACTCCAGAGCGTGTT-1,Fib,B1
AACTCCTAATCCCATG-1,NKer1,B1
AACTCTCAATAGAGCG-1,NKer1,B1
AACTCTCAGTGTGCTC-1,Fib,B1
AACTGATATTAGGCCT-1,MDC 2.00,B1
AACTGGGTCCCGACGT-1,MDC 2.00,B1
AACTGGGTTCGAGCCG-1,MDC 2.00,B1
AACTGGTGTGGGCCTT-1,NKer3,B1
AACTTGCCCGTATGCA-1,MDC 1.00,B1
AACTTTACGGGAGCTT-1,MDC 1.00,B1
AACTTTAGCTGCTGAG-1,MDC 3.00,B1
AAGAAAGTTTGATGGG-1,MDC 1.00,B1
AAGACCAAATAACTCA-1,MDC 1.00,B1
AAGACCCAACTGAACA-1,Fib,B1
AAGACTGCAAGCTACT-1,TKer1,B1
AAGAGATGAATCGGTA-1,BCell,B1
AAGAGCTCTTTATCGG-1,TKer1,B1
AAGAGGATGTACGCGA-1,Fib,B1
AAGAGGCATGGATCGC-1,NKer1,B1
AAGATGGCACCGGACC-1,Fib,B1
AAGATTGGCGGAACGT-1,TKer1,B1
AAGCACCCTGCGTATC-1,Fib,B1
AAGCATACTCTCCTGA-1,TKer1,B1
AAGCCGAAGCGGTTTA-1,NKer1,B1
AAGCGCAGGGCTTTGA-1,Endo,B1
AAGCGGCGTCATGGGT-1,NKer2,B1
AAGCGTCCCTCATCGA-1,MDC 1.00,B1
AAGCTAGATCGAGTAA-1,NKer1,B1
AAGCTATGGATTGACC-1,MDC 1.00,B1
AAGCTCGTGCCAAGTC-1,Fib,B1
AAGCTCTTTCATGGTG-1,Fib,B1
AAGGAGAACTTATAAG-1,MDC 3.00,B1
AAGGAGCGGTTGGTGC-1,MDC 2.00,B1
AAGGATCGATCGCTTG-1,NKer2,B1
AAGGATGAGGGACCTC-1,Endo,B1
AAGGCGCGTAAAGCTT-1,MDC 1.00,B1
AAGGCTGTGCTCATCG-1,MDC 2.00,B1
AAGGGACAGATTCTGT-1,TKer1,B1
AAGGGACTATGCATTC-1,BCell,B1
AAGGGTTTGATTTCAG-1,MDC 1.00,B1
AAGGTATCCTAATATA-1,Fib,B1
AAGGTGATAAACCAGC-1,NKer1,B1
AAGTAGAAGACCGGGT-1,MDC 1.00,B1
AAGTAGTGACGCGAGG-1,MDC 1.00,B1
AAGTCAATTGTCGTCA-1,NKer1,B1
AAGTCTTCTGTGGCCT-1,MDC 1.00,B1
AAGTGACGACCGAATT-1,Fib,B1
AAGTGAGTCGGGTTTA-1,Fib,B1
AAGTGCAAAGGTAGAC-1,NKer3,B1
AAGTGCCTTGACTGTA-1,NKer2,B1
AAGTGCGTTAGAATCT-1,BCell,B1
AAGTTCACTCCAAGCT-1,Fib,B1
AAGTTCAGTCTGCGTA-1,NKer1,B1
AAGTTCGGCCAACAGG-1,Fib,B1
AAGTTGTGATGTTATA-1,Fib,B1
AAGTTTACTAATGGCA-1,NKer3,B1
AAGTTTATGGGCCCAA-1,Fib,B1
AATAACAACGCTCGGC-1,TCell,B1
AATAACACTAGAACAA-1,Fib,B1
AATAAGTCCTCGAGAC-1,NKer3,B1
AATACAATGTTTCAGG-1,NKer3,B1
AATAGAACAGAGTGGC-1,Fib,B1
AATAGAATCTGTTTCA-1,NKer1,B1
AATAGCTACCGCGTGC-1,TKer2,B1
AATAGTCCGTCCCGAC-1,Endo,B1
AATATCAAGGTCGGAT-1,MDC 3.00,B1
AATATCCTAGCAAACT-1,MDC 1.00,B1
AATATCGAATCAATGC-1,NKer1,B1
AATATCGAGGGTTCTC-1,NKer1,B1
AATATTGGAGTATTGA-1,TCell,B1
AATCCAAGGGCCTGAG-1,MDC 2.00,B1
AATCGCCTCAGCGCCA-1,NKer1,B1
AATCGGGACACTACGA-1,MDC 2.00,B1
AATCGGTATAGCCCTC-1,Fib,B1
AATCTAGGTTTACTTG-1,BCell,B1
AATCTATGCCGGAGCC-1,NKer2,B1
AATCTCTACTGTGGTT-1,MDC 1.00,B1
AATCTGCGTTGGGACG-1,Endo,B1
AATCTGGCTTTCTAGT-1,BCell,B1
AATGACAGCAATGTCT-1,BCell,B1
AATGACGTAGGATGTC-1,NKer1,B1
AATGACTGTCAGCCGG-1,TCell,B1
AATGATGATACGCTAT-1,Endo,B1
AATGATGCGACTCCTG-1,NKer1,B1
AATGCAACCGGGTACC-1,MDC 2.00,B1
AATGCACCAAGCAATG-1,NKer1,B1
AATGGTCCACCGTTCA-1,MDC 1.00,B1
AATGGTTCTCACAAGC-1,MDC 2.00,B1
AATGTATGGCACTGTA-1,MDC 1.00,B1
AATGTGCCCGAGGTGT-1,BCell,B1
AATGTTGTCGTGAGAC-1,Fib,B1
AATTAAAGGTCGGCGT-1,Fib,B1
AATTAACGGATTTCCA-1,Endo,B1
AATTACGAGACCCATC-1,BCell,B1
AATTCATAAGGGATCT-1,Fib,B1
AATTCATTGTCATGCA-1,BCell,B1
AATTCCAAGCATGTAC-1,Endo,B1
AATTCTAGAGTTAGGC-1,NKer1,B1
AATTGAACGCTCTGGT-1,NKer1,B1
AATTTGGGACATAGTA-1,NKer1,B1
AATTTGGTTCCAAAGA-1,MDC 2.00,B1
ACAAACCATGCGTCCT-1,MDC 1.00,B1
ACAAACCGACAAGGCG-1,NKer3,B1
ACAAAGAAGGTAGGCC-1,MDC 1.00,B1
ACAAATCGCACCGAAT-1,NKer1,B1
ACAAATGGTAGTGTTT-1,NKer2,B1
ACAACAGCATGAGCTA-1,Endo,B1
ACAACGGTCCCTGCGA-1,MDC 1.00,B1
ACAAGCAGTGCCTAGC-1,MDC 1.00,B1
ACAAGCTATATGGAAG-1,NKer3,B1
ACAAGGAAATCCGCCC-1,NKer1,B1
ACAAGGACAAGAGGTT-1,MDC 2.00,B1
ACAAGGATGCTTTAGG-1,TKer1,B1
ACAAGGGCAGGCTCTG-1,NKer1,B1
ACAAGTAATTGTAAGG-1,BCell,B1
ACAATAGTCGTACGTT-1,MDC 1.00,B1
ACAATCCATTTAAACC-1,MDC 1.00,B1
ACAATCGATCTTTATA-1,MDC 3.00,B1
ACAATGAATACGGAGA-1,BCell,B1
ACAATTGTGTCTCTTT-1,NKer1,B1
ACAATTTAGGAGGCTC-1,MDC 1.00,B1
ACAATTTGAGCAGTGG-1,Endo,B1
ACACAAAGACGGGTGG-1,MDC 2.00,B1
ACACACCAGGACCAGT-1,NKer2,B1
ACACACTTTCTACACG-1,MDC 2.00,B1
ACACATGATCAAATCT-1,BCell,B1
ACACATTTCCGTAGAC-1,Mel,B1
ACACCCAGCATGCAGC-1,MDC 2.00,B1
ACACCCGAGAAATCCG-1,MDC 1.00,B1
ACACCTTAAGTAGGGC-1,MDC 2.00,B1
ACACCTTACTACTTGC-1,TKer2,B1
ACACGAGACTCCTTCT-1,Endo,B1
ACACGGCACTATGCAT-1,Endo,B1
ACACGGGAACTTAGGG-1,Fib,B1
ACACTGATCAAGGTGT-1,Fib,B1
ACACTGGGACAGTCGT-1,Fib,B1
ACAGAACTGAGAACAA-1,BCell,B1
ACAGATTAGGTTAGTG-1,NKer3,B1
ACAGCATAGAGCCAGT-1,MDC 2.00,B1
ACAGCGACATTCTCAT-1,Fib,B1
ACAGCGCACCCGCAGC-1,MDC 2.00,B1
ACAGGCACGGATCCTT-1,Endo,B1
ACAGGCTTGCCCGACT-1,NKer1,B1
ACAGGTGGAGGTGAGG-1,Fib,B1
ACAGGTGTGTTGTTGC-1,NKer3,B1
ACAGTAATACAACTTG-1,MDC 1.00,B1
ACATAAGTCGTGGTGA-1,BCell,B1
ACATAATAAGGCGGTG-1,MDC 2.00,B1
ACATCAGCTGGGACGC-1,MDC 1.00,B1
ACATCCCGGCCATACG-1,Fib,B1
ACATCCTGGTAACTGT-1,NKer2,B1
ACATCGATCGTTTACC-1,TKer1,B1
ACATCGCAATATTCGG-1,MDC 1.00,B1
ACATCGGTCAGCCGCG-1,Fib,B1
ACATCGTATGCAATGG-1,NKer1,B1
ACATCGTTAACCTAGT-1,MDC 2.00,B1
ACATCTCAACGCGTAA-1,NKer3,B1
ACATGGCGCCAAAGTA-1,NKer1,B1
ACATTAGTTTATATCC-1,Fib,B1
ACATTTGAAACCTAAC-1,Fib,B1
ACCAAACTAGAAATCC-1,NKer3,B1
ACCAACACCACACACT-1,TKer2,B1
ACCAACGCTTATTTAT-1,Fib,B1
ACCAAGAACGCGTGTC-1,MDC 2.00,B1
ACCAAGTCATCGGCAG-1,Mel,B1
ACCACAACTCAGAACA-1,TCell,B1
ACCACAAGTTTCTATC-1,TKer1,B1
ACCACCAATGTAACAA-1,NKer1,B1
ACCACGTGCAGCTATA-1,NKer1,B1
ACCAGACCATAACAAC-1,MDC 1.00,B1
ACCAGCCCGGTCTTTG-1,NKer3,B1
ACCAGGAGTGTGATCT-1,MDC 3.00,B1
ACCAGTGCGGGAGACG-1,NKer1,B1
ACCATATCCGCAATAA-1,Fib,B1
ACCATCCGCCAACTAG-1,MDC 1.00,B1
ACCATCGTATATGGTA-1,Fib,B1
ACCCAACGCCCGTGGC-1,Endo,B1
ACCCACCTACATGCTC-1,MDC 1.00,B1
ACCCATCTTGAGGGTA-1,Fib,B1
ACCCATTTGTCCCTCT-1,NKer1,B1
ACCCGAGCGAAATTAC-1,MDC 1.00,B1
ACCCGGAAACTCCCAG-1,Fib,B1
ACCCGGATGACGCATC-1,NKer2,B1
ACCCGGTTACACTTCC-1,Endo,B1
ACCCGTAGCAGAGAAT-1,MDC 1.00,B1
ACCCGTGTCATCAGTA-1,Fib,B1
ACCCTATGCCATATCG-1,Fib,B1
ACCCTCCCTTGCTATT-1,NKer1,B1
ACCCTTCATCTGCGAA-1,MDC 2.00,B1
ACCCTTTAGTTCTCCA-1,TCell,B1
ACCGAAAGGGCCCTGC-1,MDC 2.00,B1
ACCGAAGAGTCTGGTT-1,BCell,B1
ACCGACACATCTCCCA-1,Fib,B1
ACCGACTGAGTCCCAC-1,MDC 2.00,B1
ACCGATGGTAGCATCG-1,NKer2,B1
ACCGCAATAACTGCCT-1,Fib,B1
ACCGCGGTGGAAGTCG-1,NKer1,B1
ACCGCTAGTCATTGGT-1,MDC 1.00,B1
ACCGGGCCTTTGTTGA-1,NKer1,B1
ACCGGTCAGGTACACC-1,BCell,B1
ACCGTCCACTGGGCCC-1,BCell,B1
ACCGTTCCCGCTCTGA-1,NKer3,B1
ACCTAAGTACCTTTCA-1,Fib,B1
ACCTAATCGACTTCCT-1,MDC 1.00,B1
ACCTACAGTATGTGGT-1,NKer2,B1
ACCTACTATAAATCTA-1,Fib,B1
ACCTCCGTTATTCACC-1,NKer2,B1
ACCTGCGTGTCATGTT-1,BCell,B1
ACCTTTCCTTTAGAAG-1,MDC 3.00,B1
ACGAAATGGGCGGCAC-1,MDC 1.00,B1
ACGACTCTAGGGCCGA-1,Fib,B1
ACGAGATATTTGCTTA-1,MDC 2.00,B1
ACGAGGATACCACTCT-1,BCell,B1
ACGAGGTTTACAACGT-1,BCell,B1
ACGAGTACGGATGCCC-1,NKer2,B1
ACGATACATAGAACTA-1,TKer1,B1
ACGATACCTATCCTGA-1,MDC 3.00,B1
ACGATCATACATAGAG-1,MDC 2.00,B1
ACGATCATCTTGTAAA-1,NKer1,B1
ACGATGCATATGTTAT-1,Fib,B1
ACGATGGATCCGATGC-1,MDC 2.00,B1
ACGCAAACTAATAGAT-1,Fib,B1
ACGCAATCACTACAGC-1,NKer2,B1
ACGCATTCGTGAGTAC-1,TKer1,B1
ACGCCAGATGATTTCT-1,TKer1,B1
ACGCCCAGCTGTCGAT-1,NKer3,B1
ACGCCGCTAGACGACC-1,NKer1,B1
ACGCGAAGTCAGACGA-1,NKer1,B1
ACGCGCTACACAGGGT-1,Fib,B1
ACGCGGGCCAAGGACA-1,TKer1,B1
ACGCGTTTCTTAAGAG-1,MDC 3.00,B1
ACGCTAGTGATACACT-1,NKer1,B1
ACGCTGTGAGGCGTAG-1,MDC 1.00,B1
ACGCTTAGTGTCTCTC-1,NKer3,B1
ACGGAATTTAGCAAAT-1,MDC 3.00,B1
ACGGACTCTCAAAGCG-1,Fib,B1
ACGGAGCGCAAATTAC-1,TKer2,B1
ACGGCCAACATGGACT-1,Fib,B1
ACGGCTGGATGTAGAA-1,BCell,B1
ACGGGAGTGTCGGCCC-1,BCell,B1
ACGGGTTGTGACCTGT-1,BCell,B1
ACGGTCACCGAGAACA-1,BCell,B1
ACGTACAGATTTCTCT-1,MDC 2.00,B1
ACGTAGATTGCTGATG-1,TKer1,B1
ACGTATTACTCCGATC-1,NKer2,B1
ACGTCCTAAACGAGAT-1,MDC 3.00,B1
ACGTCGGGCAACTCGG-1,MDC 1.00,B1
ACGTCTCGTTCCGGGA-1,MDC 1.00,B1
ACGTGACAAAGTAAGT-1,MDC 1.00,B1
ACGTGCGCCTCGTGCA-1,MDC 2.00,B1
ACGTGGTCGAATGTGC-1,NKer3,B1
ACGTTAATGTCGAAGA-1,NKer1,B1
ACGTTAGATTTGCCCG-1,Fib,B1
ACGTTCCGCGCTCCGT-1,NKer3,B1
ACGTTCGCAATCAATT-1,NKer2,B1
ACGTTCGTTCAGGAAA-1,Fib,B1
ACGTTGTCGTTGAAAG-1,MDC 1.00,B1
ACGTTTAGTTGTGATC-1,TKer2,B1
ACTACAAAGAGAGGTG-1,BCell,B1
ACTACATCCCGACAAG-1,BCell,B1
ACTACCAGCTCTCTGG-1,MDC 2.00,B1
ACTACGCGTTAGAATT-1,Fib,B1
ACTAGTTGCGATCGTC-1,NKer1,B1
ACTATATGCTGTGTTC-1,NKer2,B1
ACTATCCAGGGCATGG-1,NKer2,B1
ACTATTCGTCCGTGGT-1,TKer2,B1
ACTATTTCCGGGCCCA-1,Fib,B1
ACTCAAGTGCAAGGCT-1,Fib,B1
ACTCAATAAAGGCACG-1,MDC 2.00,B1
ACTCAGACCTGCTTCT-1,MDC 3.00,B1
ACTCCCATTCCTAAAG-1,MDC 1.00,B1
ACTCCCGAATTCGTTT-1,NKer2,B1
ACTCCCTAATGCTAAA-1,Fib,B1
ACTCCCTAGAATAGTA-1,NKer1,B1
ACTCCGGCCGACCACT-1,Fib,B1
ACTCGTAACCCGTCCT-1,BCell,B1
ACTCGTCAGTAATCCC-1,NKer1,B1
ACTCTCTGACTTAGGT-1,NKer1,B1
ACTCTCTTATACACGA-1,Endo,B1
ACTCTGACCTAATAGA-1,Fib,B1
ACTCTTGTATAGTAAC-1,TKer1,B1
ACTGAAACGCCGTTAG-1,TKer1,B1
ACTGATTTAGTGATTC-1,TCell,B1
ACTGCCCGCCATTCTC-1,Fib,B1
ACTGCCGTCGTAACTC-1,MDC 2.00,B1
ACTGCTCGGAAGGATG-1,BCell,B1
ACTGTACGATACACAT-1,Endo,B1
ACTGTAGCACTTTGGA-1,Endo,B1
ACTGTCCAGGATTATA-1,Fib,B1
ACTGTCTTCTTTAGAA-1,Fib,B1
ACTGTGCTAGTAGATC-1,MDC 3.00,B1
ACTGTTTAGTGTAGGC-1,MDC 3.00,B1
ACTTACCGGGCGCGCA-1,NKer1,B1
ACTTACGCATCCACGC-1,Fib,B1
ACTTAGTACGACAAGA-1,MDC 3.00,B1
ACTTATACTTACCCGG-1,NKer1,B1
ACTTATTAGGATCGGT-1,TKer1,B1
ACTTATTTATGTGCCA-1,NKer2,B1
ACTTCAGGCTGATCCC-1,NKer1,B1
ACTTCCAGTGGAAGCT-1,MDC 1.00,B1
ACTTCGCCATACGCAC-1,TKer1,B1
ACTTGACTCCCTCTTT-1,NKer1,B1
ACTTGCCATATTGTAC-1,MDC 3.00,B1
ACTTGCTCTATCTACC-1,MDC 1.00,B1
ACTTGGGACCCGGTGG-1,MDC 2.00,B1
ACTTGTAGTCCCTTCA-1,MDC 1.00,B1
ACTTGTGGATGGAACG-1,NKer1,B1
ACTTTACCCTCATGAA-1,NKer2,B1
ACTTTCCTATAGCTTC-1,TKer1,B1
ACTTTGACTGCATCCT-1,MDC 1.00,B1
ACTTTGGTCGTGCTCC-1,BCell,B1
AGAAATTATGACTCGC-1,Fib,B1
AGAACCCTCAATTGGG-1,BCell,B1
AGAACGTGGTACATTC-1,TKer1,B1
AGAACTGTACTTTGTA-1,Fib,B1
AGAAGGTACACTTCAC-1,BCell,B1
AGAAGGTTGCCGAATT-1,Endo,B1
AGAAGTGATTCGTGAT-1,BCell,B1
AGAATAAATCTTCAGG-1,MDC 1.00,B1
AGAATTATGGATTCGA-1,Endo,B1
AGACATAGATCCTTCC-1,MDC 3.00,B1
AGACCAAACCACACCT-1,MDC 1.00,B1
AGACCATGGGATACAA-1,MDC 1.00,B1
AGACCCACCGCTGATC-1,TKer1,B1
AGACCCGCCCTCCTCG-1,MDC 2.00,B1
AGACCGGGAAACCCTG-1,MDC 1.00,B1
AGACGAAGTGCCGGTC-1,NKer2,B1
AGACGACGATGCCGCT-1,Fib,B1
AGACGGGATTGGTATA-1,NKer3,B1
AGACTAGCCTTCCAGA-1,MDC 2.00,B1
AGAGAAACACCAGAAA-1,MDC 1.00,B1
AGAGAACCGTCTAGGA-1,TKer1,B1
AGAGAAGGAGTACAAT-1,MDC 1.00,B1
AGAGATCTCTAAAGCG-1,MDC 1.00,B1
AGAGCAGTTATGAGAC-1,MDC 1.00,B1
AGAGCCGCCGAGATTT-1,NKer1,B1
AGAGCGGGCTAATCAT-1,MDC 2.00,B1
AGAGCGTACAAGCTCG-1,MDC 1.00,B1
AGAGGCTTCGGAAACC-1,NKer1,B1
AGAGGTATCTCGGTCC-1,MDC 3.00,B1
AGAGTAAACTTCACTA-1,NKer1,B1
AGATAACTTCAGGGCC-1,MDC 1.00,B1
AGATACCAATAGAACC-1,TKer1,B1
AGATACCGGTGTTCAC-1,Fib,B1
AGATACGACTTCATAT-1,NKer3,B1
AGATACTCAAGATCGA-1,NKer1,B1
AGATCGTGCATAAGAT-1,TKer1,B1
AGATCTCAGGTGTGAT-1,Endo,B1
AGATGACTCGCCCACG-1,MDC 2.00,B1
AGATGAGGGTTGCGAT-1,NKer1,B1
AGATGATGGAGTCTGG-1,NKer2,B1
AGATGCAAGACGTGCA-1,BCell,B1
AGATGCATCCTGTGTC-1,MDC 1.00,B1
AGATTATAGGACGTTT-1,TKer1,B1
AGATTCACAACCGATA-1,BCell,B1
AGCAAAGGCCGCTAGT-1,Fib,B1
AGCAACATATCTTATT-1,NKer2,B1
AGCAACCGAAAGTAAT-1,BCell,B1
AGCACACGTTTAGACT-1,BCell,B1
AGCACCAGTACTCACG-1,NKer1,B1
AGCACTACCGGCCTGT-1,Fib,B1
AGCACTACCTCACCAG-1,TKer1,B1
AGCACTTAAGGACGCC-1,MDC 2.00,B1
AGCAGAAGGAGAAAGA-1,Fib,B1
AGCAGCCAGATGAATA-1,Fib,B1
AGCATATCAATATGCT-1,NKer1,B1
AGCATCATTTCGAAAG-1,BCell,B1
AGCATCGTCGATAATT-1,MDC 2.00,B1
AGCCAAGCTTTGTGTC-1,Fib,B1
AGCCACTCCCGTGCTT-1,TKer1,B1
AGCCATATAGTATGTG-1,Fib,B1
AGCCCATACATGTAAG-1,Fib,B1
AGCCCGCAACAAGCAG-1,Mel,B1
AGCCCGCACTACAATG-1,Mel,B1
AGCCCGGTAGCCTGTA-1,Fib,B1
AGCCCTAAGCGAAGTT-1,MDC 2.00,B1
AGCCCTTCTAATCCGA-1,TKer1,B1
AGCCGCAAATTCAAAT-1,MDC 1.00,B1
AGCCGTGGCTAAATGT-1,BCell,B1
AGCCTAATACCCACGT-1,MDC 1.00,B1
AGCCTTGTCACTGATA-1,MDC 1.00,B1
AGCGACAGGAACGGTC-1,Fib,B1
AGCGACATCCCATTCA-1,MDC 2.00,B1
AGCGACCAACGATATT-1,MDC 1.00,B1
AGCGATGCGCCTAATA-1,TKer1,B1
AGCGCATAATGAATCG-1,Fib,B1
AGCGCGGGTGCCAATG-1,Fib,B1
AGCGCTTATGGGCAAG-1,TKer1,B1
AGCGGACACTTCGTAG-1,Fib,B1
AGCGGCGGTTAGCGGT-1,MDC 1.00,B1
AGCGGGAAGGGTCCAT-1,NKer3,B1
AGCGGGTCTGACACTC-1,Endo,B1
AGCGGTTGAGATGTAC-1,NKer3,B1
AGCGTGGTATTCTACT-1,NKer1,B1
AGCGTTCCGATTTAAA-1,MDC 2.00,B1
AGCTAACAAGCAATGT-1,Fib,B1
AGCTAAGCTCCGTCCG-1,BCell,B1
AGCTAAGTACGCAGGC-1,Fib,B1
AGCTAGAAGCAGAAGT-1,NKer1,B1
AGCTATTTAATCCAAC-1,TKer1,B1
AGCTCCTTCGCACATC-1,TKer1,B1
AGCTCTAGACGTTCCA-1,NKer1,B1
AGCTCTTCGTAACCTT-1,NKer1,B1
AGCTCTTTACTCAGTT-1,Fib,B1
AGCTGAAGTAAACCAA-1,TKer1,B1
AGCTGTAACCTCAATC-1,BCell,B1
AGCTTATAGAGACCTG-1,MDC 3.00,B1
AGCTTCAATACTTTGA-1,NKer3,B1
AGCTTGATCAGGGTAG-1,BCell,B1
AGCTTGATCTTAACTT-1,TCell,B1
AGGAAGCTGTCCGCCG-1,Fib,B1
AGGACAGTCGAATCCC-1,NKer1,B1
AGGACATCGCACGTCG-1,MDC 2.00,B1
AGGACGACCCATTAGA-1,Endo,B1
AGGACGCTCGATGTTG-1,NKer1,B1
AGGATATAGGGATTTA-1,NKer1,B1
AGGATCACGCGATCTG-1,MDC 1.00,B1
AGGCACGTGACTGTCC-1,Fib,B1
AGGCAGATGCGTAAAC-1,TKer1,B1
AGGCATTGTCGTAGGG-1,NKer2,B1
AGGCCACCCGTTATGA-1,MDC 1.00,B1
AGGCCCATTGTACAGG-1,MDC 2.00,B1
AGGCCCTAGAACGCCA-1,BCell,B1
AGGCCTATCATACCAA-1,BCell,B1
AGGCGGTTTGTCCCGC-1,BCell,B1
AGGCTATGGTTAGCTT-1,BCell,B1
AGGCTTCCCGAAGAAG-1,Fib,B1
AGGCTTGCTAGACACC-1,NKer3,B1
AGGGAAACGAGGTACT-1,NKer1,B1
AGGGACCGGCTGCGTT-1,NKer2,B1
AGGGACTCTACGCGAC-1,Fib,B1
AGGGAGACATACTTCG-1,NKer2,B1
AGGGCAGCGGCGTGGT-1,MDC 2.00,B1
AGGGCGAGCAGCTGAT-1,BCell,B1
AGGGCGTGATCGGCTA-1,MDC 1.00,B1
AGGGCTGCAGTTACAG-1,TKer1,B1
AGGGTCGATGCGAACT-1,NKer2,B1
AGGGTGCTCTCGAGGG-1,Fib,B1
AGGGTGGATAGTGCAT-1,MDC 1.00,B1
AGGGTTCCCTTTGGTT-1,Endo,B1
AGGGTTTAGTTCGGGA-1,TKer1,B1
AGGTAACCTCCTATTC-1,NKer3,B1
AGGTACGATATTGCCA-1,TKer2,B1
AGGTAGGTACAAAGCT-1,BCell,B1
AGGTATAATTGATAGT-1,NKer2,B1
AGGTCAGGTGAGAGTG-1,BCell,B1
AGGTCGCGGAGTTACT-1,NKer2,B1
AGGTGCACGTCCACAT-1,Fib,B1
AGGTGGTGACCTTCGC-1,Endo,B1
AGGTGTATCGCCATGA-1,MDC 1.00,B1
AGGTTACACCATGCCG-1,NKer2,B1
AGGTTGAGGCACGCTT-1,TKer1,B1
AGGTTTCACACACCTT-1,NKer2,B1
AGTAACGTTCATCCTG-1,TCell,B1
AGTAACTATAGCAGCC-1,Fib,B1
AGTAATGTCTTGCCGC-1,MDC 2.00,B1
AGTAATTTGCAAGCGT-1,MDC 1.00,B1
AGTACATCATTTATCA-1,NKer2,B1
AGTACGGCCCGTATCG-1,MDC 1.00,B1
AGTACGGGCACCTGGC-1,TKer1,B1
AGTACGTGGCCTGTCT-1,TKer1,B1
AGTACTCTTATGCCCA-1,NKer1,B1
AGTAGCGTGAACGAAC-1,NKer3,B1
AGTAGGAAGGAAGTTG-1,NKer1,B1
AGTAGGTAACATACAT-1,MDC 2.00,B1
AGTATAATACTAGGCA-1,MDC 1.00,B1
AGTATACACAGCGACA-1,MDC 1.00,B1
AGTATGCTGGAGACCA-1,BCell,B1
AGTCAAATGATGTGAT-1,MDC 1.00,B1
AGTCAACACCACCATC-1,Endo,B1
AGTCAAGATGACACTT-1,NKer1,B1
AGTCACTAGCTCTCGA-1,NKer1,B1
AGTCAGCCACCGCCTG-1,MDC 3.00,B1
AGTCCATTGGCTGATG-1,NKer2,B1
AGTCCCGCCTTTAATT-1,NKer1,B1
AGTCGAAACGATTCAG-1,MDC 1.00,B1
AGTCGACGGTCTCAAG-1,NKer2,B1
AGTCGGCCCAAACGAC-1,MDC 2.00,B1
AGTCGGCTCAACTTTA-1,BCell,B1
AGTCGGTTGCGTGAGA-1,NKer2,B1
AGTCGTCGACCACCAA-1,TKer1,B1
AGTCGTGGGCATTACG-1,Fib,B1
AGTCTAAAGTATACTC-1,NKer2,B1
AGTCTCACAAGACTAC-1,BCell,B1
AGTCTTCTCCTCAAAT-1,NKer1,B1
AGTGAACAAACTTCTC-1,NKer2,B1
AGTGACCTACTTTACG-1,TKer1,B1
AGTGAGACTTCCAGTA-1,Fib,B1
AGTGAGCCTCGCCGCC-1,NKer1,B1
AGTGAGGGTTTCTGAC-1,Fib,B1
AGTGAGTCGAATTAAC-1,Fib,B1
AGTGATAACCTGCGCG-1,Fib,B1
AGTGATATGAGTAGTT-1,Fib,B1
AGTGATTCAAGCAGGA-1,Endo,B1
AGTGCACGCTTAAGAA-1,NKer1,B1
AGTGCGTAGCTCGTAA-1,Fib,B1
AGTGCTAAACACAGCA-1,Endo,B1
AGTGCTTGCACGAATA-1,NKer2,B1
AGTGGCCCGCAAATGG-1,Mel,B1
AGTGGCGGCAATTTGA-1,Endo,B1
AGTGGCGTCTGAAGGT-1,Fib,B1
AGTGGCTCCGTCGGCC-1,MDC 1.00,B1
AGTGGTGTTACCCGTG-1,MDC 1.00,B1
AGTGGTTGCGTATAGG-1,MDC 1.00,B1
AGTGTATTGCGCATTG-1,TKer1,B1
AGTGTGGTCTATTGTG-1,NKer3,B1
AGTTAAACACTTGCGA-1,Fib,B1
AGTTAAGCGGTCCCGG-1,TKer1,B1
AGTTAAGTCAACCGCT-1,BCell,B1
AGTTACCGCACATGGT-1,NKer3,B1
AGTTACTCTATCGTGG-1,NKer1,B1
AGTTATTGAAAGGTAA-1,NKer3,B1
AGTTCCTACAGAATTA-1,MDC 2.00,B1
AGTTCCTATTTATGTT-1,TKer1,B1
AGTTGACGGTCCTTGC-1,Endo,B1
AGTTGCGGTCCTCAAC-1,MDC 1.00,B1
AGTTTCGCAGGTCGGA-1,MDC 2.00,B1
AGTTTGCACCTGCCTC-1,Fib,B1
AGTTTGGCACGGGTTG-1,NKer1,B1
AGTTTGGCCAGACCTA-1,Fib,B1
ATAAACGGACCCGTAA-1,TKer1,B1
ATAAACGTTGCACCAC-1,Fib,B1
ATAAAGGCTCGGTCGT-1,MDC 2.00,B1
ATAAAGGTCAAGTACG-1,TCell,B1
ATAAATATTAGCAGCT-1,TCell,B1
ATAACGCCGGAGGGTC-1,NKer1,B1
ATAACGGAGTCCAACG-1,NKer1,B1
ATAAGGTGGAGAACAT-1,MDC 2.00,B1
ATAAGTAGGATTCAGA-1,NKer2,B1
ATAAGTAGGGCGACTC-1,NKer2,B1
ATAAGTTACCGCGACG-1,Fib,B1
ATAATAGCTGTTGAAT-1,TKer1,B1
ATAATAGTGTAGGGAC-1,NKer3,B1
ATAATCTTGGAGAACC-1,Fib,B1
ATAATTAGCTAAGTAG-1,Fib,B1
ATACAGCGTCCACTGA-1,MDC 1.00,B1
ATACAGGCCCTCCAAT-1,Fib,B1
ATACCACGGGCAACTT-1,TCell,B1
ATACCAGCAAATTGCT-1,MDC 3.00,B1
ATACCAGGCTAATAGA-1,MDC 2.00,B1
ATACCCTCCCGGCCAA-1,MDC 1.00,B1
ATACCTAACCAAGAAA-1,Fib,B1
ATACGCCGGCGAAACC-1,NKer1,B1
ATACGGAACGTCGTTT-1,BCell,B1
ATACGGGTTTCGATTG-1,TKer1,B1
ATACGGTGAAGATGCA-1,MDC 1.00,B1
ATACGTCCACTCCTGT-1,NKer1,B1
ATACTACCCGTACCAC-1,Fib,B1
ATACTAGCATGACCCT-1,MDC 2.00,B1
ATACTTGTTCTCGAGC-1,MDC 1.00,B1
ATAGACAACGGGACCT-1,Endo,B1
ATAGACGAAGAGAAAG-1,MDC 2.00,B1
ATAGAGTACTGGGACA-1,TCell,B1
ATAGAGTTATCAACTT-1,Fib,B1
ATAGATTTGCAGTCGG-1,MDC 3.00,B1
ATAGCCATAACAGTCA-1,Mel,B1
ATAGGCGGCTATAGAA-1,Fib,B1
ATAGGCTAGCTTCGCA-1,Endo,B1
ATAGGGATATCCTTGA-1,TKer1,B1
ATAGGTTGGGCAGATG-1,TKer1,B1
ATAGTCTTTGACGTGC-1,Endo,B1
ATAGTGAAGCGTTCTC-1,TKer1,B1
ATAGTTCCACCCACTC-1,NKer2,B1
ATATAAATGTAGCTGC-1,NKer1,B1
ATATACATGTATGGTA-1,MDC 1.00,B1
ATATACGCTCGTGACG-1,NKer1,B1
ATATCAACCTACAGAG-1,NKer1,B1
ATATCAATTCCAGCCT-1,BCell,B1
ATATCGGTAGGGAGAT-1,NKer1,B1
ATATCGTGCCAGACCC-1,NKer3,B1
ATATCGTTCCTCGAAC-1,TKer1,B1
ATATCTCCCTCGTTAA-1,Fib,B1
ATATCTTAGGGCCTTC-1,Fib,B1
ATATGGGATAGCAACT-1,Fib,B1
ATATGTCTAGAGCGTG-1,Mel,B1
ATATGTCTCCCTAGCC-1,NKer1,B1
ATATTCAGTTAAACCT-1,Fib,B1
ATATTCCACATAGTGA-1,NKer1,B1
ATATTCCCACAGGTCA-1,MDC 2.00,B1
ATATTGCTGTCAAAGT-1,NKer3,B1
ATATTTAACCCTCAAG-1,TKer1,B1
ATCAAACACTGTTCCA-1,NKer1,B1
ATCAAACGAAGGTTTG-1,BCell,B1
ATCAATCTGGGCTGCA-1,TKer1,B1
ATCACATTAGAATATC-1,TKer1,B1
ATCACGTGCTAATTAA-1,Fib,B1
ATCACTTCATCCTCGC-1,MDC 2.00,B1
ATCAGAAGCTGGTTGC-1,MDC 1.00,B1
ATCAGACGGCACGCCG-1,Fib,B1
ATCAGCTCGTCCACTA-1,MDC 1.00,B1
ATCAGGTCGCCATTGC-1,TKer2,B1
ATCAGTAGGCAGGGAT-1,TKer1,B1
ATCATAGCCCTATGTA-1,Fib,B1
ATCATCCAATATTTGT-1,TKer1,B1
ATCATCTGCCCAGTGT-1,NKer3,B1
ATCATTGTACCGCATT-1,BCell,B1
ATCCAACGCAGTCATA-1,MDC 1.00,B1
ATCCAATGGAGGGTCC-1,Fib,B1
ATCCAATGGTACCGAA-1,MDC 1.00,B1
ATCCACATCGACAGAA-1,Fib,B1
ATCCACGCTAAATGTT-1,Endo,B1
ATCCAGAGCAACAACC-1,Fib,B1
ATCCAGGATTCGTGAA-1,Fib,B1
ATCCTACCTAAGCTCT-1,Fib,B1
ATCCTGAATCGCTGCG-1,TCell,B1
ATCCTGCGTGGAATGG-1,Fib,B1
ATCCTGCTGCAGATAG-1,MDC 3.00,B1
ATCGACCCAATACAGA-1,TKer1,B1
ATCGACTCTTTCCGTT-1,MDC 2.00,B1
ATCGCACGCCGGGAGA-1,MDC 2.00,B1
ATCGCCAGTCAACATT-1,NKer1,B1
ATCGCTGCGTGCAGCA-1,NKer2,B1
ATCGGCAAGCAGTCCA-1,NKer1,B1
ATCGGTTACCTAGTAA-1,MDC 1.00,B1
ATCGTATTCCGAGAAC-1,MDC 3.00,B1
ATCGTTAGCTAGCGGA-1,Fib,B1
ATCGTTCACTTTCGCC-1,Fib,B1
ATCTAATATCCTACGG-1,Fib,B1
ATCTACCATCTGCTCC-1,Fib,B1
ATCTAGCTTGTGAGGG-1,Endo,B1
ATCTCCCTGCAATCTA-1,TKer1,B1
ATCTCGTGAGCGAAAC-1,TKer1,B1
ATCTGACATGGAAGGA-1,Fib,B1
ATCTGCACCTCTGCGA-1,NKer1,B1
ATCTGCTGTTATCGCC-1,Fib,B1
ATCTGGGCTGTTCTTG-1,Fib,B1
ATCTGGTTAAGACTGT-1,TKer1,B1
ATCTGTAATTGTACCC-1,MDC 2.00,B1
ATCTTGACCTGCAACG-1,MDC 2.00,B1
ATCTTGACTTGTCCAA-1,NKer2,B1
ATGAAGCCAAGGAGCC-1,TCell,B1
ATGAAGTGGACCCAGC-1,MDC 3.00,B1
ATGACGCCGGCTCTAA-1,MDC 2.00,B1
ATGACGCGTTCTATCC-1,Fib,B1
ATGACTATCAGCTGTG-1,Fib,B1
ATGACTATGCGACATT-1,NKer1,B1
ATGAGGAGTGTTAATC-1,MDC 1.00,B1
ATGATCGGGAATAGAC-1,MDC 2.00,B1
ATGATGCAATGGTACA-1,Fib,B1
ATGCACGCGCTGTTCA-1,BCell,B1
ATGCACTACCGCATTG-1,MDC 2.00,B1
ATGCATGATCCAGGAT-1,MDC 2.00,B1
ATGCATTCCGTGATGG-1,MDC 3.00,B1
ATGCCAATCGCTCTGC-1,NKer1,B1
ATGCCATTTGCGACCA-1,NKer2,B1
ATGCCGGTCTTGCATA-1,Endo,B1
ATGCCGGTTGATGGGA-1,TKer1,B1
ATGCGACAGTCCCATT-1,Fib,B1
ATGCGAGTCCCACCAC-1,NKer1,B1
ATGCTCAGTGTTGCAT-1,MDC 1.00,B1
ATGCTTAGGAGTTGAT-1,TKer1,B1
ATGGAAATTTAAGGAG-1,BCell,B1
ATGGAGCAGGCCGTGA-1,TKer1,B1
ATGGATCCGGCGTCCG-1,TKer1,B1
ATGGATTGACCAAACG-1,TKer1,B1
ATGGCAGCCGAGAAAC-1,MDC 1.00,B1
ATGGCTGGAAATGGCC-1,NKer1,B1
ATGGGAACGGAAGCGG-1,Endo,B1
ATGGGCCTCGGCCTCT-1,NKer2,B1
ATGGTATTTACTGATT-1,Fib,B1
ATGGTCGCGTGGTTTC-1,NKer2,B1
ATGGTGCTCAAAGCCA-1,MDC 3.00,B1
ATGTAAGGCTGCTCTT-1,NKer2,B1
ATGTACATGCGGTGAG-1,TKer1,B1
ATGTACGATGACGTCG-1,Endo,B1
ATGTCTTGTTTGACTC-1,Mel,B1
ATGTGAAAGCCTAATG-1,BCell,B1
ATGTGCATCCGACGCA-1,MDC 2.00,B1
ATGTGGACATCTTGAT-1,NKer1,B1
ATGTGTAGTTTAGTCA-1,MDC 3.00,B1
ATGTTACGAGCAATAC-1,MDC 3.00,B1
ATGTTCGTCGACCCAC-1,MDC 1.00,B1
ATGTTGATTAGAGACT-1,Fib,B1
ATGTTGTAGTCTGTTT-1,MDC 1.00,B1
ATTAAACATGCGGACC-1,TKer1,B1
ATTAATACTACGCGGG-1,NKer1,B1
ATTAATGAACCAGTCG-1,TKer1,B1
ATTAATTCGGTCACTC-1,MDC 2.00,B1
ATTACAACTACCGGCC-1,TKer1,B1
ATTACATGTCAGTCTT-1,NKer1,B1
ATTACGCGCTGGCAGG-1,MDC 2.00,B1
ATTACGGGCTACGGTT-1,MDC 1.00,B1
ATTACTAGCCTCTTGC-1,MDC 1.00,B1
ATTACTTACTGGGCAT-1,TKer1,B1
ATTAGATTCCTCAGCA-1,NKer2,B1
ATTAGATTGATAGCGG-1,MDC 2.00,B1
ATTAGGCGATGCTTTC-1,TKer1,B1
ATTATACTTTGCTCGT-1,NKer1,B1
ATTATAGCTACTTTAC-1,NKer2,B1
ATTATCGGAATGTACG-1,Fib,B1
ATTATCTCGACAGATC-1,NKer3,B1
ATTATGCCATAGGGAG-1,MDC 2.00,B1
ATTATTATGTCCGTCA-1,Endo,B1
ATTATTCAGAGTCACT-1,Fib,B1
ATTCAACCATTTAAGG-1,Fib,B1
ATTCACTGATGTTGGA-1,TKer1,B1
ATTCAGGACCTATTTC-1,NKer1,B1
ATTCAGGATCGCCTCT-1,NKer3,B1
ATTCAGTAGCAGGGTC-1,BCell,B1
ATTCATATACTGTCCA-1,MDC 2.00,B1
ATTCATCGTTGAGGCA-1,Endo,B1
ATTCCCACATAAACAA-1,MDC 1.00,B1
ATTCCCGAAGGTACAG-1,MDC 1.00,B1
ATTCCTAAGACGTGGA-1,NKer1,B1
ATTCCTCCGCCAGTGC-1,MDC 1.00,B1
ATTCGACGCCGGGCCT-1,TCell,B1
ATTCGTGCTATCTCTT-1,TKer1,B1
ATTCTCGTCTCTTTAG-1,MDC 2.00,B1
ATTCTGAGTATGAACT-1,TCell,B1
ATTCTTCGTACTTATG-1,Fib,B1
ATTGAAGATCTTAGTG-1,MDC 2.00,B1
ATTGACGTAACTCGGT-1,MDC 2.00,B1
ATTGATCACCACATTT-1,MDC 1.00,B1
ATTGATGAGTCCTAAC-1,NKer2,B1
ATTGCCTTTATGTTTG-1,Fib,B1
ATTGCGATCAGTAACT-1,NKer1,B1
ATTGCTGCTCCTCCAT-1,Fib,B1
ATTGGGAATATCTTGG-1,MDC 2.00,B1
ATTGGTTGTGCATTAC-1,Fib,B1
ATTGTACAACTCGGCT-1,NKer2,B1
ATTGTCGCAATACCTT-1,TKer1,B1
ATTGTCTGTTTCATGT-1,BCell,B1
ATTTAACTCGTATTAC-1,MDC 2.00,B1
ATTTACAGTTTACTGG-1,MDC 1.00,B1
ATTTACTAAGTCCATT-1,NKer2,B1
ATTTCATTATTTCGCG-1,TKer2,B1
ATTTCCGGGTTCTGCG-1,Fib,B1
ATTTGCCTAGTTACGA-1,MDC 3.00,B1
ATTTGCGCGAGTAGCT-1,Fib,B1
ATTTGGAGATTGCGGT-1,MDC 1.00,B1
ATTTGTCTTGGGAGCT-1,NKer1,B1
ATTTGTTCCAGGGCTC-1,MDC 2.00,B1
CAAACCAGGTCTGCAT-1,NKer3,B1
CAAACGAGTATCGCAG-1,Fib,B1
CAAACGGTCGCACTTT-1,MDC 2.00,B1
CAAACGTGGTCTTGCG-1,TCell,B1
CAAACTACGATAGAGA-1,TKer2,B1
CAAACTATTGAGCTTC-1,MDC 2.00,B1
CAAACTCGCGACGCCG-1,NKer1,B1
CAAAGATTATTGGGCC-1,BCell,B1
CAAATCTCTCACAAGG-1,MDC 1.00,B1
CAAATGTCCTTCCGTG-1,Fib,B1
CAAATTGTCAGCAAGC-1,MDC 2.00,B1
CAACAGTGCCAAACGG-1,MDC 3.00,B1
CAACCAGTGGCCTACC-1,TKer1,B1
CAACCTACCGAGCAGT-1,Fib,B1
CAACGACCCGTTTACA-1,MDC 2.00,B1
CAACGAGCTTATTATG-1,MDC 1.00,B1
CAACGCGATGAGCCAA-1,Mel,B1
CAACGGTTCTTGATAC-1,MDC 1.00,B1
CAACGTGGTGGAGTCT-1,Fib,B1
CAACTATATCGAATGC-1,TKer1,B1
CAACTCCAACGTTTAG-1,MDC 2.00,B1
CAACTCCTTGATCCCG-1,MDC 1.00,B1
CAACTGCTCATCCGAT-1,Fib,B1
CAACTTGTAGTGGGCA-1,MDC 3.00,B1
CAAGAGGGCGGAGTAC-1,NKer1,B1
CAAGATATTATAACGT-1,NKer1,B1
CAAGCAACGTCGGAGT-1,Fib,B1
CAAGCACCAAATGCCT-1,MDC 2.00,B1
CAAGCGGCACATAATT-1,TKer1,B1
CAAGGATCGCATGTTC-1,NKer1,B1
CAAGGCCAGTGGTGCA-1,Fib,B1
CAAGGTCCTATAGGCT-1,NKer2,B1
CAAGTAAGTGATAGAC-1,Endo,B1
CAAGTGAACTTTGGTT-1,NKer3,B1
CAAGTGTGGTTGCAAA-1,NKer2,B1
CAATAAACCTTGGCCC-1,Fib,B1
CAATACGCTCTGAGGC-1,MDC 1.00,B1
CAATATTCTTGACCTA-1,Fib,B1
CAATCCCTATACCAGC-1,NKer1,B1
CAATGCGAGAAGTATC-1,NKer1,B1
CAATGGAATCTACATA-1,Fib,B1
CAATGGATCTCTACCA-1,Endo,B1
CAATGGTCGGCCTGGG-1,NKer3,B1
CAATTAAGGGTGATGA-1,TKer1,B1
CAATTGGGCCGCACTC-1,MDC 1.00,B1
CAATTTCGTATAAGGG-1,TKer1,B1
CACAAACCGCAGAACT-1,Mel,B1
CACAATGAGCTGCTAT-1,Fib,B1
CACACAGCTTGCGCTC-1,Fib,B1
CACACAGGGATAGATT-1,MDC 1.00,B1
CACACGCGCTGTCTTA-1,Fib,B1
CACACGTTTCAATGGG-1,TKer1,B1
CACAGCACCCACGGCA-1,TKer1,B1
CACAGCTAGGGAGTGA-1,MDC 2.00,B1
CACAGGGCCATATAGT-1,NKer1,B1
CACAGGGCCGTTGTCA-1,Fib,B1
CACAGTCCCGCTTCGC-1,TKer1,B1
CACAGTTCGCTTCCCA-1,Fib,B1
CACATATTAGCAGGAT-1,NKer1,B1
CACATCTCACCGACGA-1,Fib,B1
CACATGATTCAGCAAC-1,TKer1,B1
CACATTCTTTCGATGG-1,NKer1,B1
CACATTTCTTGTCAGA-1,NKer1,B1
CACCAATCATCCGTCT-1,BCell,B1
CACCACGCCACACAGA-1,MDC 1.00,B1
CACCAGTCAGCATGCA-1,BCell,B1
CACCATCGGAGGAGAC-1,MDC 2.00,B1
CACCCAAATCTTATGT-1,NKer2,B1
CACCCACACGTCACCC-1,MDC 1.00,B1
CACCCACGAGGCAATT-1,TKer1,B1
CACCCGCGTTTGACAC-1,Mel,B1
CACCCGGTTTGTGACT-1,Fib,B1
CACCCTAACAAGATCT-1,Fib,B1
CACCCTTGGTGAGACC-1,BCell,B1
CACCCTTTCCTCGCTC-1,MDC 3.00,B1
CACCGATACACCGAGC-1,Fib,B1
CACCGATGATGGGTAC-1,Mel,B1
CACCGCCAGAAGGTTT-1,NKer1,B1
CACCGCCGACCAGCGA-1,TCell,B1
CACCGCGTCCACTCTA-1,NKer2,B1
CACCGGAGATATCTCC-1,Endo,B1
CACCGTATCCCATCCG-1,NKer1,B1
CACCGTTGCGCGATAT-1,BCell,B1
CACCTAATAGAGTCGT-1,MDC 3.00,B1
CACCTAATCAGTTTAC-1,TKer1,B1
CACCTCGATGGTGGAC-1,NKer1,B1
CACCTTGCGAAACTCG-1,TKer1,B1
CACCTTGGCGCCTTTG-1,NKer1,B1
CACGAAAGTTAGTCCC-1,MDC 1.00,B1
CACGCACAGCGCAGCT-1,TKer1,B1
CACGCAGCGAGGCTTT-1,MDC 1.00,B1
CACGCGGAACTGTTGC-1,NKer2,B1
CACGGCGCGCCAAAGG-1,NKer2,B1
CACGGGATTGAGGGTT-1,MDC 1.00,B1
CACGTCAATCAATGGA-1,Fib,B1
CACGTCGGCAACCTCT-1,Fib,B1
CACGTCTATGATGTGG-1,TKer2,B1
CACGTTCGTGCTCTAG-1,NKer1,B1
CACGTTTCGTACACAC-1,NKer1,B1
CACTAAAGTTGCCTAT-1,Fib,B1
CACTACTCAGTTCTGT-1,MDC 2.00,B1
CACTCAAGAGCTATGG-1,TKer1,B1
CACTCAGCTCTTGAGG-1,MDC 2.00,B1
CACTCCTATGTAAGAT-1,MDC 2.00,B1
CACTCCTCTCGGTCGG-1,TKer1,B1
CACTCGAGCTGAACAA-1,NKer1,B1
CACTCGGTTAGGAGGA-1,MDC 1.00,B1
CACTCTCAAGCATCGA-1,MDC 1.00,B1
CACTCTTCTGCTAGCC-1,Fib,B1
CACTGACGATTGTGGA-1,Mel,B1
CACTGTCCAAGTGAGA-1,Endo,B1
CACTTAATCAGACGGA-1,TKer1,B1
CACTTCGCCACAGGCT-1,MDC 1.00,B1
CAGAACTTAGCCCTCT-1,NKer1,B1
CAGAATAACACACGGA-1,Fib,B1
CAGACACCGATCGCTG-1,Fib,B1
CAGACCTGTAAGTGTT-1,Endo,B1
CAGACGAACCTGATAC-1,Fib,B1
CAGAGACGGTCACCCA-1,Fib,B1
CAGAGCATGAGCTTGC-1,NKer1,B1
CAGAGGCGATGCATGA-1,Fib,B1
CAGAGTGATTTAACGT-1,MDC 2.00,B1
CAGATACTAACATAGT-1,TCell,B1
CAGATCATTTAAAGTC-1,TKer1,B1
CAGATCCTGGTTTGAA-1,BCell,B1
CAGATGTTTGTCCCAA-1,MDC 1.00,B1
CAGCAGCCCGTTCCTT-1,Endo,B1
CAGCAGTCCAGACTAT-1,TKer1,B1
CAGCCCTCACAGGCAG-1,MDC 3.00,B1
CAGCCGGGCCCTCTAT-1,MDC 2.00,B1
CAGCCTCCTGCAGAGG-1,TKer1,B1
CAGCGATTCCCTTCAA-1,Fib,B1
CAGCGCCAACACGATA-1,MDC 1.00,B1
CAGCTCACTGAGACAT-1,Fib,B1
CAGCTCGACAAGTTAA-1,Endo,B1
CAGCTCGTGCTTGTGT-1,NKer3,B1
CAGCTCTGGGCTCACT-1,Mel,B1
CAGCTGGCGTAACCGT-1,BCell,B1
CAGCTTAGTAGGTAGC-1,MDC 1.00,B1
CAGGAAGACTTTATAT-1,TKer2,B1
CAGGATATATCGTTGT-1,TKer1,B1
CAGGCCAGTACCACCT-1,BCell,B1
CAGGCCGTTTGGGTGT-1,Endo,B1
CAGGCGCACGGTGGTC-1,BCell,B1
CAGGCGCCATGCTAGG-1,NKer1,B1
CAGTAAGGGACGTCTC-1,MDC 1.00,B1
CAGTAATCCCTCCCAG-1,NKer3,B1
CAGTACATTCTCTAAA-1,NKer2,B1
CAGTACCAGTTTACGT-1,MDC 1.00,B1
CAGTAGCCCACGCGGT-1,TKer1,B1
CAGTCGAGGATGCAAT-1,Fib,B1
CAGTCGGCCTAGATAT-1,MDC 1.00,B1
CAGTCTGTATACTGGG-1,NKer1,B1
CAGTGAATAAATGACT-1,Fib,B1
CAGTGTCCGCAGAATG-1,NKer3,B1
CAGTGTCGGCTGGCCC-1,NKer1,B1
CAGTGTTAATCTCTCA-1,BCell,B1
CAGTTCAAATTGACAC-1,MDC 2.00,B1
CAGTTCCGCGGGTCGA-1,BCell,B1
CAGTTCGAGGACCCGA-1,BCell,B1
CATAACGGACAGTCGT-1,NKer1,B1
CATAAGAAGCTTGGCT-1,TKer1,B1
CATAAGCTCTCCGTCT-1,MDC 1.00,B1
CATAATGAGCGGGCGA-1,MDC 3.00,B1
CATACAAAGCCGAACC-1,MDC 3.00,B1
CATACACAAAGTCAGC-1,MDC 1.00,B1
CATACACGGTTCCCAC-1,Fib,B1
CATACCCGTACCCAGT-1,MDC 1.00,B1
CATACGGCGTCTGGGC-1,TKer1,B1
CATACTATGTAATTGT-1,Fib,B1
CATACTTAGGCAATAC-1,NKer1,B1
CATAGAGGAGATACTA-1,Fib,B1
CATAGCCGCCCGGGAT-1,MDC 1.00,B1
CATAGCGTTGCCCACC-1,Fib,B1
CATAGTACATTGAGAG-1,TKer1,B1
CATAGTAGCATAGTAG-1,Endo,B1
CATAGTCCACAAGAAC-1,Fib,B1
CATATACTACTGATAA-1,NKer1,B1
CATATAGGTACAGTCA-1,TKer1,B1
CATATGTCAGGCTACG-1,BCell,B1
CATATTATTTGCCCTA-1,MDC 2.00,B1
CATCATCTACCCGGAC-1,MDC 2.00,B1
CATCATTACCCTGAGG-1,TKer1,B1
CATCCTCTCAAAGATC-1,NKer1,B1
CATCGCCCGCGGCCAA-1,MDC 2.00,B1
CATCGGACGGGTTAAT-1,Fib,B1
CATCTATCCCGTGTCT-1,NKer1,B1
CATCTGCAGGATCATT-1,NKer3,B1
CATCTTACACCACCTC-1,NKer2,B1
CATGAACCGACATTTG-1,NKer3,B1
CATGAACCTCTTATCA-1,NKer3,B1
CATGACTTCGCTGAAT-1,NKer1,B1
CATGAGTCCATCACGG-1,Mel,B1
CATGATCGCTTTGAGA-1,Fib,B1
CATGATGCACAATTCT-1,Fib,B1
CATGATGGAAGTTAGC-1,NKer1,B1
CATGCACGTGTTACTG-1,Fib,B1
CATGCATGGAGACCCT-1,Endo,B1
CATGCCAACTCGCAAA-1,Fib,B1
CATGCGACCAGTTTAA-1,Endo,B1
CATGCGTTAGACAGAA-1,MDC 2.00,B1
CATGCGTTGAGAGGAG-1,Fib,B1
CATGCTGGCTCCAATT-1,MDC 2.00,B1
CATGGATTGTCTTCCG-1,TKer1,B1
CATGGCAGGAAGATCG-1,MDC 2.00,B1
CATGGGTCGGGTGTGG-1,TKer2,B1
CATGGTAAGTAGCGTT-1,NKer1,B1
CATGGTATTAGTTTGT-1,BCell,B1
CATGGTCTAGATACCG-1,NKer1,B1
CATGTAAGAGACATTT-1,TKer1,B1
CATGTCTCATTTATGG-1,NKer1,B1
CATTACGTCGGCCCGT-1,MDC 2.00,B1
CATTATAACAGGGTCC-1,MDC 3.00,B1
CATTATGCTTGTTGTG-1,MDC 2.00,B1
CATTCACTGACAGCTA-1,NKer3,B1
CATTGCAAAGCATAAT-1,NKer3,B1
CATTGCGAAATGGGCG-1,MDC 1.00,B1
CATTTAGCGGACCATG-1,TKer1,B1
CATTTATCGTTCAAGA-1,TCell,B1
CATTTCTAGCAGACTA-1,MDC 3.00,B1
CATTTGAGTGGTACGT-1,Fib,B1
CCAAACAGAACCCTCG-1,MDC 2.00,B1
CCAAATAACAAGATTC-1,Fib,B1
CCAACGATGCACTGAT-1,MDC 2.00,B1
CCAACGCTTGCCAGGG-1,NKer1,B1
CCAAGAAAGTGGGCGA-1,Fib,B1
CCAAGACTTCTGCGAA-1,MDC 2.00,B1
CCAAGCGTAACTCGTA-1,Fib,B1
CCAAGGAACAGAGAGG-1,MDC 2.00,B1
CCAAGGTTGCCCTTTC-1,Mel,B1
CCAATAGTGCCGTCGA-1,MDC 2.00,B1
CCAATCGGTAGATCGA-1,TKer2,B1
CCAATGTCACAGCAAG-1,TKer1,B1
CCAATTACGGGTCGAG-1,Fib,B1
CCAATTGAATGTTAAT-1,MDC 1.00,B1
CCACAATGTACGTCTT-1,Endo,B1
CCACACTGAGATATTA-1,Fib,B1
CCACAGTACCCATCCT-1,NKer1,B1
CCACATGGCTCTTTAT-1,MDC 1.00,B1
CCACCAACTTTACTGT-1,Fib,B1
CCACCCAAGGAAAGTG-1,TKer1,B1
CCACGAATTTAACCTC-1,NKer1,B1
CCACGAGAAGAGAATC-1,MDC 2.00,B1
CCACGGAGCCATAAGA-1,BCell,B1
CCACGGCAGGTGTAGG-1,Fib,B1
CCACGGTGCCCGGTAG-1,NKer2,B1
CCACTCAGATCCGCAA-1,Fib,B1
CCACTGGTGGCTGGTT-1,BCell,B1
CCAGAAAGCAACTCAT-1,MDC 1.00,B1
CCAGAGACAAAGCCGG-1,MDC 1.00,B1
CCAGATAGTTGAGTGA-1,Endo,B1
CCAGCCTGGACCAATA-1,TKer1,B1
CCAGCTGATGGTACTT-1,TCell,B1
CCAGCTTCCGCCCGCA-1,MDC 1.00,B1
CCAGGGACGTGGCCTC-1,MDC 2.00,B1
CCAGTAGTCTGATCCA-1,Fib,B1
CCAGTCAAATCTCTTA-1,MDC 1.00,B1
CCAGTCTAGACGGCGC-1,TKer2,B1
CCAGTCTTGTCATAGA-1,Fib,B1
CCATAAACAACCCGAC-1,TKer2,B1
CCATAACCTGTGCAGT-1,MDC 1.00,B1
CCATACCTTTACTTGT-1,NKer1,B1
CCATACTCGCCTCTCC-1,MDC 3.00,B1
CCATAGAGGCTGCCAG-1,BCell,B1
CCATAGGTTGGCGTGG-1,MDC 2.00,B1
CCATATGGAAACTATA-1,NKer1,B1
CCATCCATACCAAGTC-1,NKer3,B1
CCATCGCAGTTAAACT-1,TKer1,B1
CCATCTCACCAGTGAA-1,NKer2,B1
CCATGCCCTAGATTTC-1,NKer1,B1
CCATGCCTGTTTAGTA-1,TKer1,B1
CCATGCTCTGCAGGAA-1,MDC 1.00,B1
CCATGGCAAACGCTCA-1,Endo,B1
CCATGGCCCTTGTACC-1,Fib,B1
CCATGTTCATCTATAT-1,BCell,B1
CCATTAGCGATAATCC-1,Fib,B1
CCATTCCCTGCCCACA-1,MDC 1.00,B1
CCATTTCTACCTATTA-1,Fib,B1
CCCAAACATGCTGCTC-1,Fib,B1
CCCAACATACGTCGCG-1,Fib,B1
CCCAACCACACTAACA-1,TCell,B1
CCCAAGAATGCACGGT-1,NKer3,B1
CCCAAGACAGAGTATG-1,MDC 3.00,B1
CCCAAGTCATTACACT-1,Fib,B1
CCCAATGAGATTTGCA-1,MDC 1.00,B1
CCCAATTTCACAACTT-1,MDC 2.00,B1
CCCACTCCACGGTATC-1,MDC 1.00,B1
CCCAGAGGAGGGCGTA-1,TKer1,B1
CCCAGATTCCCGTGAC-1,Fib,B1
CCCAGGAAGAATTCGA-1,Mel,B1
CCCAGTAAACTTGGGA-1,BCell,B1
CCCAGTTAAGGCGCCG-1,NKer2,B1
CCCGAAGTTTCGCGAA-1,MDC 1.00,B1
CCCGACCATAGTCCGC-1,TKer1,B1
CCCGAGTTTCTCCGTA-1,NKer1,B1
CCCGCAGCGCGAACTA-1,NKer1,B1
CCCGCAGGGCCCAAAG-1,TKer1,B1
CCCGCCATGCTCCCGT-1,MDC 1.00,B1
CCCGCGCAATGCACCC-1,MDC 3.00,B1
CCCGCTAGAGGGTTAA-1,NKer3,B1
CCCGGGTCGTTCAGGG-1,Fib,B1
CCCGGTGGAAGAACCT-1,MDC 1.00,B1
CCCGGTGTATCGGAAT-1,BCell,B1
CCCGTAAGTCTAGGCC-1,TCell,B1
CCCGTAGCTGGGAAGA-1,Fib,B1
CCCGTCAGCGTCTGAC-1,MDC 2.00,B1
CCCGTGAGGGCGGTGA-1,MDC 1.00,B1
CCCGTTTCGCAGATGT-1,TKer1,B1
CCCTACTTGAACAATG-1,Fib,B1
CCCTAGGCAACAAGAG-1,MDC 1.00,B1
CCCTATGTAGAGCAGA-1,BCell,B1
CCCTCATCACAGAGTA-1,BCell,B1
CCCTCATTCTGGAATT-1,MDC 1.00,B1
CCCTCCTCGCTCGTAT-1,Fib,B1
CCCTCGATAATACACA-1,BCell,B1
CCCTCGGGAGCCTTGT-1,MDC 3.00,B1
CCCTGAAATGAGTTGA-1,MDC 2.00,B1
CCCTGACTAACAAATT-1,MDC 1.00,B1
CCCTGCCCAATCCGCT-1,MDC 1.00,B1
CCCTGCGCTACGCATA-1,BCell,B1
CCCTGGCTGTTCCTTC-1,MDC 1.00,B1
CCCTGGTATGGGCGGC-1,Endo,B1
CCCTTTAATGGAGTTC-1,Fib,B1
CCCTTTGACAGGTCTT-1,TKer1,B1
CCGAAACACGACCTCT-1,MDC 1.00,B1
CCGAAAGTGGTGAGCA-1,MDC 3.00,B1
CCGAACACTGGGCCTC-1,MDC 1.00,B1
CCGAACCTTCCCGGCC-1,NKer1,B1
CCGAAGCATTGACCAA-1,BCell,B1
CCGAAGTATATTGTTC-1,NKer3,B1
CCGACAAAGGGAGTGC-1,Fib,B1
CCGACAATAGGCCGCC-1,NKer1,B1
CCGACGGGCATGAGGT-1,BCell,B1
CCGACGTAAACACAAC-1,NKer2,B1
CCGACTCGCATAGTCT-1,NKer3,B1
CCGAGAAGTCGCATAA-1,TKer1,B1
CCGAGGGATGTTAGGC-1,NKer3,B1
CCGATCTCAACCTTAT-1,NKer1,B1
CCGATTCGAGGGACCC-1,BCell,B1
CCGCACAAAGACCAAC-1,TKer1,B1
CCGCACGTGACCTCGG-1,MDC 1.00,B1
CCGCACTTGCAATGAC-1,Fib,B1
CCGCATGTGGTACGAT-1,Endo,B1
CCGCCACCACAATCCA-1,NKer3,B1
CCGCCGGAACTTCTCG-1,BCell,B1
CCGCCGGTCAACACAC-1,MDC 2.00,B1
CCGCCTTGCGATGTCG-1,MDC 1.00,B1
CCGCGATTTGGTAGGT-1,MDC 1.00,B1
CCGCGCAAGATACCCA-1,MDC 1.00,B1
CCGCGGAATGCGTCAC-1,Fib,B1
CCGCGGGTACGAAGAA-1,MDC 1.00,B1
CCGCGTAGGTAAGGGC-1,MDC 1.00,B1
CCGCTATCAGCACCAG-1,NKer1,B1
CCGCTCCGGATAAGCT-1,Fib,B1
CCGCTGGTGCCATTCA-1,TCell,B1
CCGCTTACCTCACTCT-1,Fib,B1
CCGCTTGCTGACATGG-1,NKer2,B1
CCGGAATGGTTTCAGT-1,MDC 1.00,B1
CCGGAGCGTACTTTCT-1,Endo,B1
CCGGCACGACCGTTTC-1,NKer2,B1
CCGGCCGCGAGCATAT-1,MDC 1.00,B1
CCGGCGCATATTGGAT-1,MDC 2.00,B1
CCGGCGTGAGACTCTG-1,Fib,B1
CCGGGACCCGCAGAGA-1,MDC 2.00,B1
CCGGGCGGTCTCGTCA-1,Endo,B1
CCGGGCTAAGAATTTC-1,BCell,B1
CCGGGCTGCTCCATAC-1,TKer1,B1
CCGGGTTCGAGGTTAC-1,MDC 1.00,B1
CCGGTAATGGCTAGTC-1,NKer2,B1
CCGGTTTGTAATTGTG-1,Fib,B1
CCGTAAGTTGGTCCCA-1,Endo,B1
CCGTACCCAAGCGCCA-1,MDC 3.00,B1
CCGTATCTCGTCGTAG-1,BCell,B1
CCGTGCCCATGACGGC-1,MDC 2.00,B1
CCGTGGAACGATCCAA-1,NKer2,B1
CCGTTACGTTAGAACA-1,Fib,B1
CCGTTCCGAATCTCGG-1,BCell,B1
CCTAAAGGCTGACGCT-1,TKer2,B1
CCTAAATTAACGGTTC-1,NKer1,B1
CCTAAATTGTATCCTA-1,Fib,B1
CCTAACCCAAACAAGT-1,NKer1,B1
CCTAACTAAGGCTCTA-1,Fib,B1
CCTACATTCACAGACG-1,Fib,B1
CCTACGGCTCAGTCGA-1,MDC 3.00,B1
CCTACTGCTTACACTT-1,TCell,B1
CCTAGGCGTAGCGATC-1,NKer1,B1
CCTAGGTAAAGGTAGC-1,BCell,B1
CCTAGTTAGTCGCATG-1,MDC 2.00,B1
CCTATACCGTCCTGTC-1,Fib,B1
CCTATATCGTGTCACG-1,BCell,B1
CCTATATTTGTCCTGG-1,Fib,B1
CCTATCTATATCGGAA-1,MDC 2.00,B1
CCTATGAAGTGGTGCC-1,NKer2,B1
CCTATGGGTTACCGTC-1,Fib,B1
CCTATGTCCACTCCAC-1,Fib,B1
CCTATTATTCCGGCCG-1,MDC 1.00,B1
CCTCAACGATCGCTGT-1,MDC 1.00,B1
CCTCACCAATCTTGAC-1,NKer3,B1
CCTCACCTGAGGGAGC-1,NKer2,B1
CCTCACCTTAGCATCG-1,Endo,B1
CCTCCCGACAATCCCT-1,MDC 2.00,B1
CCTCCGACAATTCAAG-1,MDC 1.00,B1
CCTCCTGAGCCCACAT-1,MDC 1.00,B1
CCTCGAAGTGGACGGG-1,TKer2,B1
CCTCGACCCACTGCCT-1,NKer3,B1
CCTCGCCAGCAAATTA-1,MDC 2.00,B1
CCTCGCGCGATATAGG-1,TKer1,B1
CCTCGCGCTGTGCGAT-1,Fib,B1
CCTCGGACCGGGATAG-1,NKer1,B1
CCTCGGATGCTACCTG-1,MDC 1.00,B1
CCTCTAATCTGCCAAG-1,TKer1,B1
CCTCTATCGATTAGCA-1,BCell,B1
CCTCTCTCCCATCTAG-1,Fib,B1
CCTCTGGCCTAGACGG-1,MDC 2.00,B1
CCTCTGTACTATTCTA-1,Fib,B1
CCTGAACGATATATTC-1,NKer1,B1
CCTGAATATTTACATA-1,TKer1,B1
CCTGACCACCGATGGT-1,Fib,B1
CCTGACGCAACCTTTA-1,MDC 2.00,B1
CCTGAGAATAAATGCA-1,BCell,B1
CCTGCCCGTTGTCTAG-1,MDC 1.00,B1
CCTGCGTTCTACGCTT-1,MDC 1.00,B1
CCTGCTATTTGAGAAG-1,TCell,B1
CCTGGAAACGTTCTGC-1,NKer2,B1
CCTGGCTAGACCCGCC-1,MDC 2.00,B1
CCTGGTCGAATGTGGG-1,TKer1,B1
CCTGTAAGACATGATA-1,Fib,B1
CCTGTACTCACGCCCA-1,TCell,B1
CCTGTCACCCGGGCTC-1,TKer1,B1
CCTGTCCCTCACGTTA-1,NKer2,B1
CCTGTCGCCCGTAAAT-1,Fib,B1
CCTGTGAAACCGTAAC-1,NKer3,B1
CCTGTTCAACCTCGGG-1,TCell,B1
CCTGTTTGAAGACACG-1,Fib,B1
CCTTCAGTTAAAGTGA-1,TKer1,B1
CCTTCCGCAACGCTGC-1,BCell,B1
CCTTCGTATAGAATCC-1,Endo,B1
CCTTCTCAGCGTTCCT-1,MDC 1.00,B1
CCTTCTTGATCCAGTG-1,MDC 2.00,B1
CCTTGTGAACGTGGTT-1,Endo,B1
CCTTTAAGGGAGCACT-1,MDC 1.00,B1
CCTTTCAATGAAGAAA-1,Endo,B1
CCTTTGAATTATGGCT-1,BCell,B1
CGAAACATAGATGGCA-1,TKer1,B1
CGAAACGCAATTCATG-1,Fib,B1
CGAACAGTATGGGCGT-1,NKer2,B1
CGAACCCGCATGCGTC-1,Fib,B1
CGAACCTCTTTCCTAG-1,Fib,B1
CGAACGCCCAGTGCCG-1,TKer1,B1
CGAACGGCCGGACAAC-1,Fib,B1
CGAAGACGGTGAGTGC-1,NKer3,B1
CGAAGATCAGTTTCAT-1,Mel,B1
CGAAGCCACAGCATGG-1,BCell,B1
CGAAGCTATAAATTCA-1,NKer1,B1
CGAAGTTGCTCTGTGT-1,Fib,B1
CGAATCTGCTCGACGC-1,MDC 1.00,B1
CGAATGAAGTCATTGC-1,MDC 1.00,B1
CGAATGACGCATAATG-1,Endo,B1
CGACAATTTGATCTAA-1,NKer2,B1
CGACACGCTCCGACAG-1,NKer1,B1
CGACAGTTCGCGTTAT-1,MDC 1.00,B1
CGACATGCGATCTTCT-1,MDC 2.00,B1
CGACCCTTAACGCCGG-1,MDC 1.00,B1
CGACCTACTAGACAAT-1,MDC 1.00,B1
CGACGCATCCGTACCT-1,MDC 1.00,B1
CGACTCAGGATGTTAT-1,TKer1,B1
CGACTTGCCGGGAAAT-1,Fib,B1
CGACTTTGTATAGCCT-1,NKer2,B1
CGAGACCCTAGAGTGT-1,TKer1,B1
CGAGACTACTGCTGCT-1,Mel,B1
CGAGAGATGTGAACCT-1,Endo,B1
CGAGAGCGCGTAGATA-1,MDC 1.00,B1
CGAGCACTTCAAGTTT-1,MDC 1.00,B1
CGAGCGTTGATCAGCC-1,MDC 2.00,B1
CGAGCTGGGCTTTAGG-1,MDC 2.00,B1
CGAGGCTAAATATGGC-1,Endo,B1
CGAGGGACTGCGGTCG-1,NKer1,B1
CGAGTACTAAAGAGGA-1,Fib,B1
CGAGTGAAGGTACCAG-1,BCell,B1
CGAGTGCTATAGTTCG-1,MDC 3.00,B1
CGAGTTCTGTCCCACC-1,Endo,B1
CGAGTTTATCGGACTG-1,NKer2,B1
CGATACCTCGCGGACA-1,Fib,B1
CGATAGCGATACAGTG-1,Fib,B1
CGATAGTCGTACTGCA-1,Fib,B1
CGATCCACCATTGTTG-1,Endo,B1
CGATCCGACCCAGTGC-1,TKer1,B1
CGATCTGTTGGAGGAC-1,BCell,B1
CGATGGACCCTACGCC-1,TKer1,B1
CGATGTTGTTATCTAC-1,BCell,B1
CGATTAAATATCTCCT-1,Fib,B1
CGATTCGCCTGGCTGC-1,Fib,B1
CGCAAACACGAGTTAC-1,MDC 1.00,B1
CGCAATTACTTTCGGT-1,MDC 1.00,B1
CGCAATTAGGGTAATA-1,MDC 2.00,B1
CGCAATTCTACAATAA-1,BCell,B1
CGCACATGTCCACTAC-1,NKer1,B1
CGCACGTGCGCTATCA-1,NKer2,B1
CGCAGAAACATTTGCG-1,NKer3,B1
CGCAGATCTTCACCCG-1,NKer2,B1
CGCAGGCGATCCAAAC-1,NKer1,B1
CGCATCATGGCTTCAG-1,Fib,B1
CGCATGCCGAATGCGT-1,Fib,B1
CGCATGGTGCGATGCT-1,TKer1,B1
CGCATTAGCTAATAGG-1,TKer1,B1
CGCCAAGAAGCCGAGT-1,MDC 1.00,B1
CGCCACAGGTCGCGAT-1,MDC 1.00,B1
CGCCAGTAGTACCTTG-1,MDC 1.00,B1
CGCCATCCGATTATGA-1,TKer1,B1
CGCCCAGCGTTTCACG-1,Fib,B1
CGCCCGCTTCCGTACA-1,TKer1,B1
CGCCCTAATTGTTCAA-1,MDC 1.00,B1
CGCCCTTGAAGGCTGA-1,MDC 1.00,B1
CGCCGACTATTCGCTA-1,MDC 1.00,B1
CGCCTCCCTCCTCTAT-1,NKer1,B1
CGCCTGGCCTACGTAA-1,TCell,B1
CGCGACACTGCGCAGC-1,MDC 3.00,B1
CGCGAGAGGGACTTGT-1,TKer2,B1
CGCGAGTCTGCCGGGT-1,BCell,B1
CGCGCAAATGTCCAGA-1,BCell,B1
CGCGCATGTTTGATTG-1,TKer1,B1
CGCGCCCGACTTAATA-1,Fib,B1
CGCGGCTCAACTTGAA-1,NKer2,B1
CGCGGGAATTAGGCAG-1,Endo,B1
CGCGGTCACAAACCAA-1,NKer1,B1
CGCGTCATATTAAACC-1,MDC 3.00,B1
CGCGTGGGCCTGTGTT-1,Mel,B1
CGCGTTCATGAAATAC-1,MDC 2.00,B1
CGCTACGGGACATTTA-1,Fib,B1
CGCTAGAGACCGCTGC-1,NKer1,B1
CGCTATACCGCCCACT-1,NKer3,B1
CGCTATTCAATGTATG-1,NKer3,B1
CGCTATTCTTAGGCTC-1,TKer1,B1
CGCTCGACATAATGAT-1,MDC 1.00,B1
CGCTCTCCGTAGATTA-1,MDC 1.00,B1
CGCTGGTGACTACCCT-1,NKer2,B1
CGCTGTGACGCCGCAC-1,TCell,B1
CGCTGTGTGGATGTTG-1,MDC 2.00,B1
CGCTTAGTATTGATAC-1,Mel,B1
CGCTTATTCCCGGTCG-1,Fib,B1
CGCTTCCACTGAAATC-1,MDC 1.00,B1
CGCTTGGACGGATAGA-1,Fib,B1
CGCTTTCATACCGGTG-1,MDC 2.00,B1
CGCTTTCTTGCATTCG-1,Endo,B1
CGGAAAGAATCAAACG-1,Fib,B1
CGGAAATTTCACATCC-1,TCell,B1
CGGAACGTAAACATAG-1,Fib,B1
CGGACGTTACTTGAAG-1,MDC 1.00,B1
CGGAGCAATTTAATCG-1,Fib,B1
CGGAGCATGGCGATCC-1,TKer1,B1
CGGAGCTTATAACACC-1,Fib,B1
CGGAGTTTGAGAGACA-1,MDC 2.00,B1
CGGATCCTCAAGGACT-1,Endo,B1
CGGATTCTGCCTTATG-1,MDC 1.00,B1
CGGCAAACATCGTGCG-1,TKer1,B1
CGGCACCGTTAGCGCC-1,Fib,B1
CGGCAGGGTCGGGTTG-1,Endo,B1
CGGCCACGCACAAAGT-1,TKer1,B1
CGGCCAGAGCGACCAT-1,Mel,B1
CGGCCCAACCTGTAGT-1,NKer2,B1
CGGCCCAGGTATATCC-1,NKer1,B1
CGGCGCCATCAATCCC-1,TKer1,B1
CGGCTCTAAAGCTGCA-1,NKer1,B1
CGGCTCTTCGTCGAAC-1,Fib,B1
CGGCTGCAAGATTAAG-1,NKer3,B1
CGGCTTTGTATGATAA-1,MDC 2.00,B1
CGGGAACGCCCTGCAT-1,BCell,B1
CGGGAAGTACCGTGGC-1,BCell,B1
CGGGAATATAGTATAC-1,NKer1,B1
CGGGAATTTATGTAAA-1,TKer1,B1
CGGGAGCTTCAGTGTA-1,NKer1,B1
CGGGATCAATGTAAGA-1,MDC 2.00,B1
CGGGCAGCTAAACCGC-1,TKer1,B1
CGGGCCTTCTTTGTAA-1,TKer1,B1
CGGGTGTACCCATTTA-1,Endo,B1
CGGGTTTGTTAGGGCT-1,Fib,B1
CGGTACGGCAAACCCA-1,MDC 1.00,B1
CGGTACTAGAATCAAA-1,NKer1,B1
CGGTAGAGGTGCAGGT-1,Fib,B1
CGGTATAGGTATTAGC-1,NKer1,B1
CGGTCAAGTGGGAACC-1,TKer1,B1
CGGTCCGTCGCAAGCC-1,Fib,B1
CGGTCTATCAACCCGT-1,TKer1,B1
CGGTGAAGACTAAAGT-1,BCell,B1
CGGTGCAGATAGAACG-1,Fib,B1
CGGTGCGCGTTGGTCC-1,Fib,B1
CGGTGTACTTGATCCC-1,NKer3,B1
CGGTTATCCAACAGTG-1,Endo,B1
CGGTTCAAGTAGGTGT-1,Fib,B1
CGGTTGACCTGGCATA-1,TCell,B1
CGGTTGGGTTCAAGTT-1,NKer1,B1
CGGTTTACTGAACATT-1,MDC 1.00,B1
CGTAAAGCAAGAAATC-1,BCell,B1
CGTAACTTCGACACTT-1,MDC 1.00,B1
CGTACCTGATAGGCCT-1,TKer1,B1
CGTAGAGAGTAATTAT-1,Fib,B1
CGTAGCGAATTGTCAG-1,MDC 2.00,B1
CGTAGCGCCGACGTTG-1,NKer3,B1
CGTATTAAGAGATCTA-1,TKer1,B1
CGTATTGTTTGGCGCC-1,MDC 1.00,B1
CGTCAAGGCTATAAAT-1,MDC 1.00,B1
CGTCACGTCCATTGGT-1,Fib,B1
CGTCAGTGCGCACAAG-1,MDC 2.00,B1
CGTCAGTTTATCGTCT-1,MDC 3.00,B1
CGTCATACCATATCCA-1,MDC 3.00,B1
CGTCCTCATCGCGTGC-1,Fib,B1
CGTCGGATAGTGTTGA-1,Fib,B1
CGTCGGGTCTAAGCGC-1,BCell,B1
CGTCGTCCTTCGCGAA-1,Fib,B1
CGTCTGGAAGGGCCCG-1,MDC 2.00,B1
CGTGAACTGACCCGAT-1,MDC 1.00,B1
CGTGAAGTTAATTCAC-1,TKer1,B1
CGTGACATTGGGTCGT-1,TKer2,B1
CGTGACCAGTCCTCTG-1,Endo,B1
CGTGCACACCACTGTA-1,Mel,B1
CGTGCATTGTCGACGC-1,Fib,B1
CGTGCCCGACATTTGT-1,MDC 3.00,B1
CGTGGCCGAATATCTA-1,NKer1,B1
CGTGTCCCATTCGCGA-1,MDC 2.00,B1
CGTTAAACTAGTTAGG-1,Fib,B1
CGTTAAATACGACCAG-1,Mel,B1
CGTTAGCTCACAACTG-1,NKer1,B1
CGTTATCATACTTCCA-1,MDC 1.00,B1
CGTTCAGACCCGCGAA-1,Endo,B1
CGTTCATGGTGCGCGT-1,BCell,B1
CGTTCTTCGCACACCT-1,TKer2,B1
CGTTGAGCGACCGTCG-1,NKer1,B1
CGTTGAGTAATTGCGT-1,Fib,B1
CGTTGTAAGATTGATT-1,NKer2,B1
CGTTGTCGGCAATTGA-1,Fib,B1
CGTTGTTTCAATTCCC-1,Fib,B1
CGTTTAAGCGGAGCAC-1,MDC 2.00,B1
CGTTTCGCTCATTACA-1,TKer1,B1
CGTTTCGGTTATATGC-1,Mel,B1
CGTTTGTGTAGAGGGT-1,Fib,B1
CTAAAGAATGCCTACT-1,Fib,B1
CTAAAGGGAAATAGGA-1,TKer1,B1
CTAAATCCTATTCCGG-1,TKer1,B1
CTAACAGCACAATAAC-1,MDC 1.00,B1
CTAACCGCGCGCCCGT-1,Fib,B1
CTAACGAAACTTGCTG-1,Fib,B1
CTAACTGGTCCGGTTC-1,Fib,B1
CTAAGGGAATGATTGG-1,NKer1,B1
CTAATTCGCACGCGCT-1,MDC 2.00,B1
CTAATTCTCAGATATT-1,NKer2,B1
CTAATTTCAACAACAC-1,NKer3,B1
CTACAAGAAATAACCC-1,Fib,B1
CTACCCTAAGGTCATA-1,Endo,B1
CTACGAACTAGGTCGA-1,NKer3,B1
CTACGACTAGCTATAA-1,TCell,B1
CTACGCACGGAGTACC-1,TKer1,B1
CTACGCCATTTCCGAT-1,TKer1,B1
CTACTATCATAGGTTT-1,BCell,B1
CTACTATCTTTCAGAG-1,Endo,B1
CTACTCAAGGTATAGT-1,Fib,B1
CTACTCTAGGCCCGGC-1,MDC 1.00,B1
CTACTGCCACCTGACC-1,TKer1,B1
CTAGACTGCATTTCGT-1,NKer1,B1
CTAGATGTGAGTGTAA-1,NKer1,B1
CTAGATTTACGACGGC-1,NKer1,B1
CTAGCATAGTATAATG-1,TKer1,B1
CTAGCCGATGTTATGA-1,TKer1,B1
CTAGGCGCCCTATCAG-1,NKer1,B1
CTAGGTCTGAAGGAAT-1,NKer1,B1
CTAGGTTCGGACGTGA-1,Fib,B1
CTAGTATTCGGAATTA-1,TKer1,B1
CTAGTCACGTCTTAAG-1,TKer1,B1
CTAGTGAAGGACAGGA-1,MDC 1.00,B1
CTAGTTACAACCCGGT-1,TKer1,B1
CTAGTTGGGCCCGGTA-1,NKer1,B1
CTATAAGAGCCAATCG-1,Endo,B1
CTATAAGTAGGGTTTG-1,MDC 1.00,B1
CTATACTTAAAGCGAG-1,BCell,B1
CTATATCCAGCCTGGC-1,MDC 1.00,B1
CTATCGACGAAATACA-1,NKer1,B1
CTATCGGGTCTCAACA-1,TKer1,B1
CTATGCCCGAATGCAA-1,Fib,B1
CTATGGGAAGCGGAAT-1,Fib,B1
CTATGTCACTAGCCCA-1,Fib,B1
CTATGTCTATTGAAAC-1,MDC 2.00,B1
CTATGTGAGTCACGGC-1,BCell,B1
CTATTCATGTGTCCCA-1,Fib,B1
CTATTGTGTTTGGTCA-1,NKer2,B1
CTATTTGGTTACGGAT-1,NKer1,B1
CTCACATTTACTAAAT-1,Fib,B1
CTCACCAGTACAAGTG-1,MDC 3.00,B1
CTCACTTGGCTGGTAA-1,TCell,B1
CTCAGATTGTGATAAG-1,MDC 1.00,B1
CTCAGGACTCACCTGT-1,MDC 3.00,B1
CTCAGTCACGACAAAT-1,Endo,B1
CTCATGGCTCACAATC-1,MDC 2.00,B1
CTCATGGTAATTTGCG-1,BCell,B1
CTCATTTGATGGGCGG-1,MDC 2.00,B1
CTCCCAATGAGTCGCG-1,Fib,B1
CTCCCTCCTTTCGATC-1,BCell,B1
CTCCGCCCACATGAGG-1,Fib,B1
CTCCGGCCTAATATGC-1,MDC 2.00,B1
CTCCTCCAGCTCACAC-1,Fib,B1
CTCCTGTTCAAGGCAG-1,Endo,B1
CTCCTTTACGCAAGTC-1,NKer2,B1
CTCGAGACATACGATA-1,MDC 1.00,B1
CTCGAGGCAAGTTTCA-1,BCell,B1
CTCGAGGTCGAACAGT-1,TKer1,B1
CTCGATATTTGCGAGC-1,TKer1,B1
CTCGCACCTATATAGT-1,NKer1,B1
CTCGCATTGCATAGCC-1,BCell,B1
CTCGCCGAATGTAGGG-1,Fib,B1
CTCGGGCATCGTCGGG-1,MDC 3.00,B1
CTCGGTACCACTGCTC-1,NKer1,B1
CTCGGTCCGTAGCCTG-1,MDC 2.00,B1
CTCGGTTGTCGGCCCT-1,BCell,B1
CTCGTCGAGGGCTCAT-1,BCell,B1
CTCGTTTCTAATGTTT-1,TKer1,B1
CTCTAATGCATTGATC-1,NKer2,B1
CTCTACACTGGCGATT-1,MDC 1.00,B1
CTCTACATCCTGCGTG-1,Fib,B1
CTCTAGCCCTCGGAAA-1,Fib,B1
CTCTATTTGGCTGCAG-1,NKer1,B1
CTCTCACAATCGATGA-1,Endo,B1
CTCTCGATGTGCGCCT-1,MDC 3.00,B1
CTCTCTAACTGCCTAG-1,BCell,B1
CTCTGCAGGCATTCTT-1,MDC 1.00,B1
CTCTGCGAAGCAAGCA-1,MDC 2.00,B1
CTCTGGACGCCTGGTG-1,TKer1,B1
CTCTGTTTGAGGATTC-1,TKer2,B1
CTCTTCTATTGACTGG-1,NKer1,B1
CTCTTCTGGAAGTTAG-1,Fib,B1
CTCTTGTCCCGCTTGG-1,Endo,B1
CTGAAAGAGATCCGAC-1,TKer1,B1
CTGAATCCGAGACCTC-1,NKer1,B1
CTGAATTTATTGCCAG-1,NKer1,B1
CTGACTGCGCAGCTCG-1,NKer1,B1
CTGATAGTGTATCTCA-1,MDC 1.00,B1
CTGATCCCTTTATGCA-1,Endo,B1
CTGCAAATGGGCTCCA-1,MDC 3.00,B1
CTGCAAGCACGTTCCG-1,TKer1,B1
CTGCACAACTACATAT-1,NKer1,B1
CTGCACCTGGAACCGC-1,MDC 2.00,B1
CTGCACTCCAGTACAG-1,TKer1,B1
CTGCAGAGAATCAGAG-1,Fib,B1
CTGCCAAGGTTGGAAG-1,NKer1,B1
CTGCCATGCATCACAT-1,TKer1,B1
CTGCCCACGAAGCGTT-1,NKer3,B1
CTGCCTAGCCACCAAG-1,TCell,B1
CTGCGGGTGAAATGTT-1,MDC 1.00,B1
CTGCGGTAGTCACGTG-1,TKer1,B1
CTGCGTTACGATATAA-1,NKer1,B1
CTGCTCTGACGGCAAA-1,Fib,B1
CTGCTGAGGCCACGAA-1,Fib,B1
CTGGAAATGGATGCTT-1,MDC 2.00,B1
CTGGAAGACACGGTGG-1,NKer1,B1
CTGGACGCAGTCCGGC-1,BCell,B1
CTGGATTTACACTTGA-1,TKer1,B1
CTGGCATCCGAATGAG-1,BCell,B1
CTGGCGACATAAGTCC-1,NKer1,B1
CTGGCGATTTACATGT-1,Fib,B1
CTGGCGCACAGGTCTG-1,NKer2,B1
CTGGCGGGAATAAGTA-1,MDC 3.00,B1
CTGGCTGATTCATCCT-1,NKer2,B1
CTGGCTGGTTGTCAGT-1,Fib,B1
CTGGGATAAATAATGG-1,NKer1,B1
CTGGGATCGCCCAGAT-1,MDC 3.00,B1
CTGGGCCTGCTATATC-1,Fib,B1
CTGGGCGGCCAAATGT-1,NKer3,B1
CTGGGTAGGCAGTTAA-1,NKer2,B1
CTGGGTTGAGTTAAAG-1,BCell,B1
CTGGTAAAGTGTGGGC-1,TKer1,B1
CTGGTAACACATAGAA-1,NKer2,B1
CTGGTAACGAGCTCTT-1,Endo,B1
CTGGTCATTCCAATCC-1,MDC 3.00,B1
CTGGTCCTAACTTGGC-1,MDC 2.00,B1
CTGGTTTCGAGCAAGA-1,NKer2,B1
CTGTACTTCTTAGCAT-1,Fib,B1
CTGTAGCCATCTCACT-1,Fib,B1
CTGTATGGTGTAGAAA-1,MDC 1.00,B1
CTGTCAAATGGCTCGG-1,TKer1,B1
CTGTCCTGCGCACTAC-1,MDC 1.00,B1
CTGTGCAGGGTAGGTC-1,NKer1,B1
CTGTGGTCGGGAGATA-1,NKer1,B1
CTGTTACCCAATCTAG-1,Fib,B1
CTGTTCACTGCCTGTG-1,MDC 2.00,B1
CTGTTCATCTCACGGG-1,MDC 1.00,B1
CTTAACTTACAGTATA-1,Fib,B1
CTTAACTTCGAAGTAC-1,MDC 2.00,B1
CTTAAGCAGCGAGCCG-1,MDC 1.00,B1
CTTACACGGTATTCCA-1,MDC 2.00,B1
CTTACACTGGGAAATA-1,MDC 2.00,B1
CTTAGCCCGGATAGTG-1,MDC 3.00,B1
CTTAGCCTTCCACATG-1,TKer1,B1
CTTAGTAGGCCTACAG-1,NKer1,B1
CTTAGTGTAGTAGCAT-1,Fib,B1
CTTATGCGCTCAGGGC-1,MDC 1.00,B1
CTTCAACTCCACTTGG-1,TKer1,B1
CTTCACGCCCTGGTAC-1,MDC 1.00,B1
CTTCAGTGGTCGCCTA-1,BCell,B1
CTTCAGTTGGACAACG-1,Fib,B1
CTTCATAGCTCAAGAA-1,MDC 1.00,B1
CTTCATTGTCAGTGGA-1,Fib,B1
CTTCCGCTCCGTGAAG-1,Fib,B1
CTTCGATTGCGCAAGC-1,Fib,B1
CTTCGGCCAATTGTTT-1,Fib,B1
CTTCGTAGATAGGTGA-1,Fib,B1
CTTCTATGTTGAAGTA-1,BCell,B1
CTTCTATTAATGCTAG-1,Fib,B1
CTTCTTACGTCGTATA-1,MDC 2.00,B1
CTTGACCCGAAAGATA-1,MDC 2.00,B1
CTTGAGTTAGGGTAAT-1,NKer2,B1
CTTGCAACCGCCTCCT-1,MDC 1.00,B1
CTTGCCCAGGCTCTAC-1,Fib,B1
CTTGGCCAAGCTGGGA-1,MDC 2.00,B1
CTTGTACTTGTTGACT-1,MDC 2.00,B1
CTTGTCAACATTCGAG-1,NKer1,B1
CTTGTGCTCACCGATT-1,TKer1,B1
CTTGTTGCTGAGTCAA-1,NKer1,B1
CTTGTTTATGTAGCCA-1,NKer3,B1
CTTTAACTTTCAAAGG-1,TKer1,B1
CTTTAATATTGGTCGA-1,NKer1,B1
CTTTACCGAATAGTAG-1,NKer1,B1
CTTTAGGAACACTGTT-1,NKer2,B1
CTTTAGTGCTATTATT-1,TKer1,B1
CTTTCTGTGCGGGCTT-1,NKer1,B1
CTTTGACGTCGCTTCT-1,MDC 1.00,B1
CTTTGCATCGCTCTTG-1,Fib,B1
CTTTGGCGCTTTATAC-1,MDC 1.00,B1
CTTTGGCTTTAGTAAA-1,MDC 2.00,B1
CTTTGGGATTGTTGCA-1,Fib,B1
CTTTGTCGAATGCTCC-1,BCell,B1
GAAACAGATGACCACC-1,NKer2,B1
GAAACAGCCATGCAGT-1,MDC 2.00,B1
GAAACATAGGAAACAG-1,BCell,B1
GAAACCATGGTGCGCT-1,NKer2,B1
GAAACCGAATTACCTT-1,Fib,B1
GAAACCTATACAAATG-1,Fib,B1
GAAACTCGTGCGATGC-1,MDC 1.00,B1
GAAACTCTAATGAAGG-1,TKer2,B1
GAAAGAACAGCGTTAT-1,NKer1,B1
GAAAGCAGTGCACTTT-1,Fib,B1
GAAAGCCCTTTGGACC-1,MDC 1.00,B1
GAAAGTGACTAACTGC-1,MDC 1.00,B1
GAAATACCTGCTGGCT-1,Fib,B1
GAAATATCACCATCAG-1,MDC 1.00,B1
GAAATCGCGCGCAACT-1,MDC 2.00,B1
GAAATGGCGGTGTTAG-1,TKer1,B1
GAAATTAGCACGGATA-1,NKer1,B1
GAAATTCACATCGCTG-1,MDC 2.00,B1
GAAATTGTCTCTATAA-1,Fib,B1
GAACACACATCAACCA-1,Endo,B1
GAACAGATTACTAAAT-1,NKer1,B1
GAACCATCTGGGAGAC-1,MDC 3.00,B1
GAACCCTCTGTGTTCT-1,TKer1,B1
GAACCTCGACCTACAC-1,MDC 1.00,B1
GAACGACCGAATGATA-1,MDC 2.00,B1
GAACGCGGGTCACACG-1,TKer1,B1
GAACGTCTCATGGTCG-1,Endo,B1
GAACGTTAGGAAGACG-1,MDC 1.00,B1
GAACTGTGGAGAGACA-1,Fib,B1
GAAGAAACGATATTGT-1,BCell,B1
GAAGAACGGTGCAGGT-1,NKer3,B1
GAAGACTTCAATGCCG-1,NKer3,B1
GAAGCCACTGATTATG-1,Fib,B1
GAAGCCTGCACATTCC-1,Fib,B1
GAAGCGTGAGGAATTT-1,TKer1,B1
GAAGCTCGGACCCGTC-1,BCell,B1
GAAGCTTGCTGACCGC-1,MDC 1.00,B1
GAAGGAGTCGAGTGCG-1,Endo,B1
GAAGTCAGTTGCACTA-1,Fib,B1
GAAGTCTCCCTAGCGA-1,NKer2,B1
GAAGTGATTTATCGTG-1,TKer1,B1
GAAGTGCTGGATAGCT-1,MDC 2.00,B1
GAAGTTTCCACTCAAT-1,Fib,B1
GAATAGACGCGACCCA-1,NKer2,B1
GAATAGCCCTGCGGTC-1,TKer2,B1
GAATAGTGCTCGATTA-1,Fib,B1
GAATATTCGGAGTCCC-1,TKer2,B1
GAATCGACATGGTCAC-1,MDC 2.00,B1
GAATCGCCGGACACGG-1,MDC 3.00,B1
GAATCTATACTCGGAC-1,NKer3,B1
GAATCTGAACATTCTC-1,NKer1,B1
GAATGCCGAAATGACC-1,MDC 3.00,B1
GAATGCGAATCGGTTC-1,Fib,B1
GAATGGGCTTATCGAC-1,MDC 1.00,B1
GAATGTATGGCAGGTC-1,NKer1,B1
GAATGTGGTCCGGATT-1,NKer1,B1
GAATGTTGGGTAATCT-1,TKer1,B1
GAATTATAGTGAAAGG-1,TKer1,B1
GAATTCACCCGGGTGT-1,TKer1,B1
GAATTTCTCGCTGCAG-1,MDC 1.00,B1
GACAAACATATGCAGG-1,NKer2,B1
GACAACGACCATTGAA-1,Fib,B1
GACAACGCAGCTTACG-1,MDC 2.00,B1
GACAAGAGATGAGATT-1,Endo,B1
GACACAAGGGAAGAAA-1,Endo,B1
GACACAGCCGGGACTG-1,Fib,B1
GACACCCAAAGACGCG-1,BCell,B1
GACACGAGTTAGAGGA-1,MDC 3.00,B1
GACACTGAGTTCAGTG-1,Fib,B1
GACACTGGAACCCGAT-1,NKer1,B1
GACACTTCCAATTACC-1,Endo,B1
GACAGATTTCTGGCTC-1,MDC 1.00,B1
GACAGCCAGACCTGAC-1,NKer2,B1
GACAGGCACACACTAT-1,TCell,B1
GACATCCGTCGAACTG-1,Fib,B1
GACATCGATTTATAAC-1,Fib,B1
GACATTTCGCCCAGCC-1,BCell,B1
GACCAGAGCCCTGTAG-1,MDC 2.00,B1
GACCAGGTCATTCATA-1,NKer3,B1
GACCCAATTATGATAC-1,BCell,B1
GACCCGTCGCCGGCTA-1,MDC 2.00,B1
GACCGACGTGAAAGCA-1,TKer2,B1
GACCGACTGAAGCGTC-1,MDC 1.00,B1
GACCGATTAAATATGT-1,MDC 1.00,B1
GACCGGTGATACTCTC-1,MDC 1.00,B1
GACCGTCAGGTCGTGA-1,TKer1,B1
GACCGTGCTGACGGTG-1,TKer1,B1
GACCGTTACATGCGAC-1,MDC 1.00,B1
GACGACGATCCGCGTT-1,TKer1,B1
GACGAGGCTAATAAAC-1,Fib,B1
GACGATATCACTGGGT-1,BCell,B1
GACGCATACCCGTCGG-1,MDC 1.00,B1
GACGCCGTAAAGGCTA-1,Fib,B1
GACGCTTGCTTCTAAA-1,Fib,B1
GACGGACCGCGTTCCT-1,MDC 3.00,B1
GACGGTCAATAGAAGC-1,Fib,B1
GACGTTGCTCGGCGGC-1,BCell,B1
GACTAACACAGCACCT-1,Endo,B1
GACTAAGATCATGCAC-1,MDC 2.00,B1
GACTAAGTAGGCTCAC-1,MDC 2.00,B1
GACTACAAAGCGGTGG-1,BCell,B1
GACTACAATTGCTCGT-1,Fib,B1
GACTCACCCACGTGAG-1,NKer1,B1
GACTCCCAGAATAAGG-1,NKer2,B1
GACTCCTTCCAATTGA-1,BCell,B1
GACTCGCGGGAATGAC-1,Endo,B1
GACTGCAAATCGAGCT-1,Fib,B1
GACTGCACCAGCCCAG-1,NKer1,B1
GACTGCGGCACGTGTA-1,MDC 1.00,B1
GACTGGGCGCCGCAAC-1,Endo,B1
GACTTCAACGCATCAA-1,Mel,B1
GAGAACGGTTCTGACT-1,TKer1,B1
GAGAATCTCACGATCA-1,NKer3,B1
GAGACTGATGGGTAGA-1,TKer1,B1
GAGACTTCGCGACCGA-1,Fib,B1
GAGAGCGCAGTCCCTG-1,MDC 3.00,B1
GAGAGGGCGCGAGGTT-1,Fib,B1
GAGAGGTGCATTCTGG-1,Fib,B1
GAGATCGATCTTACTC-1,MDC 1.00,B1
GAGATCTGCTTGGCAT-1,MDC 2.00,B1
GAGATCTGTCACTCCG-1,Endo,B1
GAGATCTTCCATGACA-1,NKer1,B1
GAGATGGGAGTCGACA-1,NKer1,B1
GAGCATCATCCCTGGG-1,NKer3,B1
GAGCCACGGTAGTAGG-1,NKer3,B1
GAGCGAGGGAGTACCG-1,MDC 2.00,B1
GAGCGCAAATACTCCG-1,NKer1,B1
GAGCGCGCACGAGTAG-1,NKer1,B1
GAGCTAAGGGCATATC-1,Endo,B1
GAGCTCTCGGACCTAA-1,MDC 3.00,B1
GAGCTGTCGTCTCGGA-1,TKer2,B1
GAGGAATATCTCTTTG-1,Fib,B1
GAGGAATGGAGAGGTT-1,MDC 1.00,B1
GAGGCCCGACTCCGCA-1,BCell,B1
GAGGCTATCAAAGTCG-1,TCell,B1
GAGGGCGCAGCTCTGC-1,Endo,B1
GAGGGTAGTAACAAAG-1,MDC 1.00,B1
GAGGTACATCCATCTT-1,MDC 2.00,B1
GAGGTACGCGTGTCCC-1,Endo,B1
GAGGTCCCAAAGATCT-1,MDC 3.00,B1
GAGGTCCGTTCGCTGT-1,Fib,B1
GAGTAAACCGGAAAGT-1,TKer1,B1
GAGTAAGGCCACGGGA-1,MDC 1.00,B1
GAGTACGGGTATACAA-1,MDC 2.00,B1
GAGTAGATACTAGTTG-1,Fib,B1
GAGTATACCCTAATCA-1,TCell,B1
GAGTATGCCCGCCTTG-1,Fib,B1
GAGTATGCGCGTGCAT-1,Fib,B1
GAGTCAGACCAGAATC-1,Fib,B1
GAGTCCGCTTACCGGA-1,NKer1,B1
GAGTCGACAGACCCTC-1,NKer3,B1
GAGTCTTGTAAAGGAC-1,MDC 1.00,B1
GAGTGTGCGGTACCCA-1,NKer2,B1
GAGTTCTGTGGGTGCT-1,BCell,B1
GAGTTGATGGCAATTT-1,BCell,B1
GAGTTGTCACCAGTCT-1,MDC 1.00,B1
GATAAATCGGTGGATG-1,MDC 2.00,B1
GATAACTCGCACTGTG-1,NKer2,B1
GATACGATGGGAGTCA-1,Fib,B1
GATAGAACCCGCTAGG-1,Endo,B1
GATAGATAGTACAGTC-1,Mel,B1
GATAGGTAACGTTGAC-1,NKer1,B1
GATAGTGCGAGTAAGT-1,MDC 1.00,B1
GATATCAAGCAGGAGC-1,BCell,B1
GATATCTCATGCAATA-1,MDC 2.00,B1
GATATGAGACACTAAC-1,NKer1,B1
GATATGCGGTAGCCAA-1,Fib,B1
GATATGGATTACGCGG-1,MDC 1.00,B1
GATATTGAGATTGGCG-1,NKer1,B1
GATATTTCCTACATGG-1,NKer1,B1
GATCATTCCAAACATT-1,TKer1,B1
GATCCCTTTATACTGC-1,TKer1,B1
GATCCGGGAATTAACA-1,TKer1,B1
GATCCTAAATCGGGAC-1,Endo,B1
GATCCTCTTGCGCTTA-1,MDC 2.00,B1
GATCGACACTATCTGA-1,TCell,B1
GATCGCGGGCTCTCCA-1,TKer1,B1
GATCGCTACCCGATTT-1,NKer1,B1
GATCGCTGTGGTGCGT-1,BCell,B1
GATCGGATAGAACCAT-1,MDC 1.00,B1
GATCGGTGGCCATAAC-1,NKer1,B1
GATCGTGACTGATATC-1,TKer1,B1
GATCTAACCGTATTCA-1,MDC 1.00,B1
GATCTGCTATCTAAGG-1,Fib,B1
GATCTTGGAGGGCATA-1,NKer1,B1
GATCTTTGCAGGGTAT-1,Fib,B1
GATGACAAGTAGGGCA-1,BCell,B1
GATGCCAGCAGAAGGC-1,MDC 3.00,B1
GATGCCTTCTGCGGCA-1,BCell,B1
GATGCGAATGGTATTA-1,MDC 3.00,B1
GATGCGTCCTGCATTC-1,TKer1,B1
GATGCTACAAGCGCCT-1,MDC 2.00,B1
GATGCTGTATTTCATC-1,NKer1,B1
GATGGCGCACACATTA-1,NKer3,B1
GATGGTGCCCTAGGCA-1,MDC 2.00,B1
GATGTAACGAACCACC-1,BCell,B1
GATGTCGGTCAACTGC-1,Endo,B1
GATGTGTTGTCACAAG-1,TCell,B1
GATGTTCAATCCACGA-1,Fib,B1
GATGTTTGTGCGAGAT-1,MDC 1.00,B1
GATTAACCGAAAGCCC-1,NKer1,B1
GATTACTGAATTTGGG-1,Fib,B1
GATTCCCTTGTCGCAG-1,TKer1,B1
GATTCCGCGTTTCCGT-1,TKer1,B1
GATTCCTATACGGCGC-1,MDC 1.00,B1
GATTCGACGGTTCACG-1,NKer1,B1
GATTGACACTCTGCTC-1,NKer3,B1
GCAAACCCTACATTAT-1,NKer1,B1
GCAAACCTTGGCCATA-1,Fib,B1
GCAAACGTAAGCGACC-1,TCell,B1
GCAAATATTACGCTTT-1,MDC 2.00,B1
GCAAATGAGGACACTT-1,MDC 1.00,B1
GCAACACACTAGAACT-1,MDC 1.00,B1
GCAACAGCAGTATGCG-1,NKer1,B1
GCAACCACGGCCGCGT-1,Fib,B1
GCAACCCAAGTTGTTT-1,MDC 3.00,B1
GCAACGGCTAGTTATG-1,NKer2,B1
GCAAGAATTCCTTGGC-1,Fib,B1
GCAAGCTGGAAACCGC-1,MDC 1.00,B1
GCAAGTGCACAGAGAA-1,MDC 2.00,B1
GCACAAACGAGGCGTG-1,NKer1,B1
GCACAACCTCGGGCGT-1,BCell,B1
GCACAAGTGTCGGAAG-1,MDC 2.00,B1
GCACACACTGGTAGCC-1,NKer1,B1
GCACACGCCCATGGTC-1,MDC 1.00,B1
GCACGCCTACTTAGAT-1,Fib,B1
GCACGTGGTTTACTTA-1,Fib,B1
GCACTAGTCGCGCTAT-1,NKer3,B1
GCACTGCCTACCTTTA-1,Fib,B1
GCAGACCCAGCACGTA-1,NKer2,B1
GCAGATCCATAAGACT-1,NKer1,B1
GCAGATCCTCGCAAAT-1,MDC 3.00,B1
GCAGATTAGGGATATC-1,TKer1,B1
GCAGCACACAGCCCAG-1,Fib,B1
GCAGCCTATATCACAT-1,NKer2,B1
GCAGGAACTTAGATCT-1,BCell,B1
GCAGGACTATAGAATA-1,MDC 2.00,B1
GCAGGTAGAGTATGGT-1,TKer1,B1
GCATACGAGGTCTTTA-1,MDC 1.00,B1
GCATAGAGCACTCAGG-1,TKer1,B1
GCATCCCTAACTTTGA-1,Endo,B1
GCATGAGGGACGCGGC-1,Endo,B1
GCATGCTAATAACGAT-1,Fib,B1
GCATGGGTACTGACGC-1,MDC 1.00,B1
GCATTCAAGGCAACGC-1,NKer2,B1
GCATTCGAAATGAACA-1,MDC 1.00,B1
GCATTGACTTGCGGAA-1,MDC 1.00,B1
GCATTGTAATTCATAT-1,Fib,B1
GCATTTCCAAGGCTCC-1,NKer2,B1
GCCAACCATTTCCGGA-1,NKer2,B1
GCCAAGAATACTTCTG-1,MDC 1.00,B1
GCCAATAGGGCATCTC-1,NKer1,B1
GCCACAATTTAAGGAC-1,Fib,B1
GCCACTCAGAGCGCGA-1,Fib,B1
GCCAGGAAAGAACACT-1,BCell,B1
GCCAGGAGTAACCGAT-1,TKer1,B1
GCCAGGCGTTCGCATG-1,TKer1,B1
GCCATATTGCACACAG-1,TKer1,B1
GCCATCGAGCTGCGTG-1,Fib,B1
GCCATCGATGCTGCAT-1,NKer2,B1
GCCATTAGCCTCAAAC-1,BCell,B1
GCCCACCAAGGCTGTC-1,MDC 3.00,B1
GCCCAGCGACACAAAG-1,MDC 1.00,B1
GCCCAGTTGGTATGCC-1,MDC 1.00,B1
GCCCATGGGTGCAATG-1,NKer3,B1
GCCCGACTTCTTCCCG-1,BCell,B1
GCCCGAGAGTCTAAAT-1,MDC 1.00,B1
GCCCGCGCGTAAACGG-1,Fib,B1
GCCCGCGCGTTTGACA-1,MDC 1.00,B1
GCCCGTAATACCTTCT-1,Endo,B1
GCCCGTTCACACAATT-1,Mel,B1
GCCCTAGCCGTCGCGA-1,BCell,B1
GCCCTGAGGATGGGCT-1,Fib,B1
GCCGAAATTCCTACGT-1,TKer1,B1
GCCGATTGGCCAAGCT-1,NKer1,B1
GCCGCATTAGTCCGGC-1,MDC 1.00,B1
GCCGCTTGTGAGAAAC-1,Fib,B1
GCCGGAAACACATCTT-1,MDC 3.00,B1
GCCGGGTTAGGGTCGC-1,TKer1,B1
GCCGGTCGTATCTCTC-1,Endo,B1
GCCTAGCGATCTGACC-1,MDC 1.00,B1
GCCTATAGTGTCAGGG-1,Endo,B1
GCCTATTCCGATATAG-1,MDC 1.00,B1
GCCTATTTGCTACACA-1,NKer3,B1
GCCTCATCTGGAAATA-1,NKer2,B1
GCCTCTATACATAGCA-1,NKer1,B1
GCCTTCAGCCCTACCG-1,MDC 2.00,B1
GCGAAACGATCGGGAG-1,NKer1,B1
GCGAAACTTAACTGGA-1,NKer2,B1
GCGAAGCCATACCCGT-1,TKer1,B1
GCGACATGTAAACATC-1,NKer2,B1
GCGACCCAACCATCTG-1,BCell,B1
GCGAGAGTTGCGTCCA-1,NKer2,B1
GCGAGCGCATGCTCCC-1,NKer2,B1
GCGAGGCCCGAGCAGA-1,TKer1,B1
GCGAGTTCTGCAAAGA-1,TKer1,B1
GCGATTCTGGAAGCAG-1,MDC 2.00,B1
GCGATTGTTAACGTTA-1,NKer1,B1
GCGCAAATATATTCAA-1,BCell,B1
GCGCAAGAGCGCGCTG-1,NKer2,B1
GCGCATCCAGTCAGCA-1,Endo,B1
GCGCCGTTCCACGATA-1,NKer1,B1
GCGCCTCCCACTCCGA-1,NKer1,B1
GCGCGGTCTAGTAACT-1,Endo,B1
GCGCTAAGTATGCATG-1,NKer3,B1
GCGCTAATTGAATAGA-1,TKer1,B1
GCGCTATGCCGAGGCA-1,Fib,B1
GCGCTGATCCAGACTC-1,Fib,B1
GCGCTGCTTTGCATTT-1,Endo,B1
GCGCTTAAATAATTGG-1,Fib,B1
GCGGACCGCGTTGTGG-1,Fib,B1
GCGGAGAAACTTCGCA-1,Fib,B1
GCGGAGAGGGAGAACG-1,NKer1,B1
GCGGCAAAGTATTGCC-1,BCell,B1
GCGGCTCTGACGTACC-1,Fib,B1
GCGGGAACCAGGCCCT-1,MDC 2.00,B1
GCGGGCGAGCCTTACC-1,Fib,B1
GCGGTCCCTAGACGCA-1,MDC 2.00,B1
GCGGTGAACTGCGCTC-1,TKer1,B1
GCGGTTCCCTATCATG-1,Fib,B1
GCGTAAATGGCCATAA-1,NKer1,B1
GCGTCGAAATGTCGGT-1,MDC 2.00,B1
GCGTCTCTGCATTGGG-1,Fib,B1
GCGTGGTACTGGGTTA-1,NKer1,B1
GCGTGTATGTCGTATT-1,MDC 3.00,B1
GCGTTATATTTGGAAC-1,MDC 1.00,B1
GCGTTCGGAGACCGGG-1,NKer2,B1
GCTAAACCTGAGGTGA-1,MDC 1.00,B1
GCTAACTGAAGTCTGA-1,Fib,B1
GCTAAGTAAAGGCGAT-1,NKer3,B1
GCTAAGTAGTTTCTCT-1,Fib,B1
GCTAATACCGAATGCC-1,MDC 1.00,B1
GCTACAATCGAGGATA-1,Fib,B1
GCTACAGTACGGACCG-1,MDC 1.00,B1
GCTACGACTTATTGGG-1,NKer1,B1
GCTACTATAGTAGAGT-1,NKer1,B1
GCTACTCGGACGCAGA-1,Fib,B1
GCTAGACCGTCTACTG-1,NKer2,B1
GCTAGAGTAGAGATGT-1,NKer1,B1
GCTAGCAGGGAGTGGG-1,NKer1,B1
GCTAGCGATAGGTCTT-1,Fib,B1
GCTAGCTTGAATAGCT-1,Fib,B1
GCTAGGCACCACGGAG-1,NKer1,B1
GCTAGTAGAGCTTGTA-1,NKer1,B1
GCTAGTTTCATTGAGG-1,MDC 2.00,B1
GCTATCGCGGCGCAAC-1,NKer3,B1
GCTATGCCAGCTTATG-1,MDC 1.00,B1
GCTCAATCCGTTTATT-1,Fib,B1
GCTCAATGTAATACCG-1,Fib,B1
GCTCATTACTGCATGT-1,NKer1,B1
GCTCCATGCAAAGCAA-1,Endo,B1
GCTCCCAGTCGGTCCA-1,NKer1,B1
GCTCCGCTCGCTTCAG-1,TKer2,B1
GCTCCTGACATACTGG-1,BCell,B1
GCTCGCGGTTCCGCTC-1,MDC 3.00,B1
GCTCGCTCATGTCCAA-1,NKer2,B1
GCTCGGAATTTAAAGC-1,TKer1,B1
GCTCTAAACCCTGACG-1,MDC 2.00,B1
GCTCTATGTTACGTGC-1,MDC 2.00,B1
GCTCTCGGGTACCGAA-1,MDC 1.00,B1
GCTCTTTCCGCTAGTG-1,Fib,B1
GCTGAAGGGTTCTTGG-1,BCell,B1
GCTGAATCTTCCAATC-1,BCell,B1
GCTGAGGCGTGAGTAT-1,NKer1,B1
GCTGCACGGTTTCTTA-1,NKer1,B1
GCTGCTAAGTAGTCGA-1,Fib,B1
GCTGCTCTCCGGACAC-1,Fib,B1
GCTGGACCCAAAGTGG-1,NKer1,B1
GCTGGCATATTCACCT-1,MDC 1.00,B1
GCTGGCGGCGCATGCT-1,Fib,B1
GCTGGGAGCGCGTCAA-1,BCell,B1
GCTGGTTTAGGCCATA-1,BCell,B1
GCTGTATTACTGGCCC-1,Fib,B1
GCTGTCTGTGATCGAC-1,NKer3,B1
GCTGTTGCTACCGAAC-1,NKer2,B1
GCTTAATGTAACTAAC-1,NKer1,B1
GCTTACGTAGTTAGTA-1,NKer2,B1
GCTTATGAAGCAGGAA-1,Fib,B1
GCTTCCCGTAAGCTCC-1,Fib,B1
GCTTCCGTCCCTAGAC-1,Endo,B1
GCTTCGACGTTCAATC-1,BCell,B1
GCTTGAGTGACCTCTG-1,Mel,B1
GCTTGATGATAATCAG-1,MDC 2.00,B1
GCTTGGATCGATTAGG-1,Endo,B1
GCTTTACACAACTGGG-1,Mel,B1
GCTTTCAGAGGAGGTG-1,Endo,B1
GGAAACCTTGTTGAAT-1,NKer1,B1
GGAAACTAAATGGGCC-1,Fib,B1
GGAAAGTCTTGATTGT-1,MDC 1.00,B1
GGAAAGTGCCCATGCC-1,Fib,B1
GGAACCGTGTAAATTG-1,Fib,B1
GGAACCTTGACTCTGC-1,BCell,B1
GGAACGGCCTGCAGCC-1,NKer3,B1
GGAACTTTGGCGATTA-1,TKer1,B1
GGAAGCTCGCTTACAG-1,Fib,B1
GGAATAACCTCAAGAA-1,MDC 3.00,B1
GGAATGCGCTAGCGTG-1,Endo,B1
GGACAACCATGAAGCC-1,Fib,B1
GGACAAGCCATGATCG-1,BCell,B1
GGACAAGTTGCAGTGA-1,MDC 1.00,B1
GGACACAAGTTTACAC-1,Fib,B1
GGACCAACAGGATAAC-1,NKer1,B1
GGACCTACGGTAACGT-1,TKer2,B1
GGACCTCTAGGCCGCC-1,BCell,B1
GGACTCGACAGCGCAT-1,MDC 1.00,B1
GGAGAAGTCATTGGCA-1,MDC 1.00,B1
GGAGACCATCTACATA-1,MDC 1.00,B1
GGAGACGACACCTTTG-1,NKer1,B1
GGAGCACCAAGAACTA-1,TKer1,B1
GGAGCGAGGCCTACTT-1,Endo,B1
GGAGGATTGAAAGGAG-1,TCell,B1
GGAGGGCTTGGTTGGC-1,Endo,B1
GGAGGGTCAAGTAAGA-1,Fib,B1
GGAGTGCCGCCCTGGA-1,MDC 2.00,B1
GGATACTCATGAATTG-1,NKer3,B1
GGATCAAAGGACGAGG-1,MDC 3.00,B1
GGATCAGAGCCATCAG-1,MDC 1.00,B1
GGATCATCCCGTACGC-1,NKer1,B1
GGATCCGGAATATACT-1,Fib,B1
GGATCTACCGTTCGTC-1,MDC 1.00,B1
GGATCTTGACTCAACC-1,BCell,B1
GGATGAAGATCGCTGA-1,NKer2,B1
GGATGACGCGAGTTTA-1,Fib,B1
GGATGCTGGCGTTCCT-1,MDC 1.00,B1
GGATGGCTTGAAGTAT-1,Fib,B1
GGATGTCCTTACCGCA-1,NKer1,B1
GGATTAAGCTAAGGTC-1,Fib,B1
GGATTCAGTACGGTGG-1,MDC 1.00,B1
GGATTCCGCTATACCC-1,Fib,B1
GGATTGCTGTGACTCC-1,Fib,B1
GGATTTCACTTCTATA-1,Endo,B1
GGCAAATTACTTTACT-1,Fib,B1
GGCAAGCCCATAGTGG-1,Endo,B1
GGCAAGGCGAAATAGC-1,NKer1,B1
GGCAATAGTCAATGAG-1,TKer1,B1
GGCACGCTGCTACAGT-1,Fib,B1
GGCACTCCACTGGGCA-1,Fib,B1
GGCACTGCGGTGGTTT-1,Fib,B1
GGCAGAGAGATCGGGA-1,NKer3,B1
GGCAGCAAACCTATGC-1,NKer2,B1
GGCAGCGGTAATCCTA-1,NKer2,B1
GGCATACAGGTAGCGG-1,Endo,B1
GGCATATCGGTTCTGC-1,TKer1,B1
GGCATCAACGAGCACG-1,MDC 3.00,B1
GGCCCTCACCCACTTA-1,TCell,B1
GGCCGTTTGGGTTTCA-1,Fib,B1
GGCCTGCTTCTCCCGA-1,Fib,B1
GGCCTTTGCAACTGGC-1,MDC 1.00,B1
GGCGAAATCTAACTTG-1,NKer2,B1
GGCGAGCGAAACGGCA-1,MDC 1.00,B1
GGCGCAGGACATCTTC-1,TCell,B1
GGCGCATGAATTGATG-1,Fib,B1
GGCGCGTTCGAGTTTA-1,TKer1,B1
GGCGCTTCATTCCCTG-1,Fib,B1
GGCGGAGTAATATTAG-1,MDC 2.00,B1
GGCGGTAGGATCATTG-1,Endo,B1
GGCGTAGGGAAAGCTG-1,Fib,B1
GGCGTCCTATCCGCTG-1,MDC 1.00,B1
GGCTAAAGGGCGGGTC-1,NKer1,B1
GGCTACTATACACTCC-1,Fib,B1
GGCTATTAAGTTGTAT-1,Fib,B1
GGCTCCTCCACCTGTT-1,BCell,B1
GGCTCGCGTTGAGGTA-1,Fib,B1
GGCTCGTGCCACCAGC-1,MDC 1.00,B1
GGCTCTGCTCCAACGC-1,Fib,B1
GGCTGAAATAGCAAAG-1,NKer1,B1
GGCTGAGCATCGTAAG-1,Fib,B1
GGCTTTCAATAAGGGT-1,Fib,B1
GGGAAAGAATGCCAAC-1,Fib,B1
GGGAACGGGAGGTTAG-1,Fib,B1
GGGAATGAGCCCTCAC-1,TKer1,B1
GGGAATTCTGTCCAGT-1,MDC 3.00,B1
GGGACAGAGTTACTCC-1,BCell,B1
GGGACCCGTATATCTT-1,Fib,B1
GGGACTGCATAGATAG-1,TKer1,B1
GGGAGAACTCACAGTA-1,TKer1,B1
GGGAGCGACCGTAGTG-1,Fib,B1
GGGAGGATGCCCGAAA-1,Fib,B1
GGGAGTAATGGCTGGC-1,MDC 3.00,B1
GGGAGTTAATGAGGCG-1,Endo,B1
GGGATGGTCGTAACCG-1,Fib,B1
GGGATTTACCGCACCT-1,NKer2,B1
GGGCAACCGCACGTGC-1,BCell,B1
GGGCACGTAGTACTGT-1,Endo,B1
GGGCACTATTGACCAT-1,BCell,B1
GGGCAGACGTCACTGC-1,MDC 1.00,B1
GGGCAGAGCAATCGTT-1,Fib,B1
GGGCCATTCGTGCTGG-1,Fib,B1
GGGCCCGTCTTAAACA-1,Fib,B1
GGGCCCTACGAAAGGG-1,MDC 1.00,B1
GGGCCCTTATCTATAC-1,MDC 1.00,B1
GGGCCGGCCGAAGTAC-1,NKer1,B1
GGGCCTAAATGGGCTA-1,MDC 1.00,B1
GGGCGATATGTGTGAA-1,NKer1,B1
GGGCGATCCATAGGCC-1,MDC 1.00,B1
GGGCGGCAAATGAATT-1,Fib,B1
GGGCGGGTTCCCTACG-1,Fib,B1
GGGCGTACATTTATAT-1,MDC 2.00,B1
GGGCGTCACCACGTAA-1,Fib,B1
GGGCGTCCACTGGCTC-1,TKer1,B1
GGGCGTGGTTTCCCAG-1,Fib,B1
GGGCTACTATTTCGTG-1,MDC 1.00,B1
GGGCTATGATCGATGG-1,Fib,B1
GGGCTCATCGAACCCA-1,TKer1,B1
GGGCTGCCTAGGGCGA-1,Fib,B1
GGGCTGGTTAGTCGCG-1,TKer1,B1
GGGTACTTCATGAACT-1,Fib,B1
GGGTATGTATGCACTT-1,MDC 1.00,B1
GGGTATTCTAGCAAAC-1,BCell,B1
GGGTCACCGTGACGGT-1,TKer1,B1
GGGTCGTGGCAAGTGT-1,NKer2,B1
GGGTCTATCGCTTTCC-1,Fib,B1
GGGTGACACCTTAACT-1,NKer1,B1
GGGTGCATATGAAAGC-1,NKer2,B1
GGGTGGTCCAGCCTGT-1,Endo,B1
GGGTGTTTCAGCTATG-1,MDC 2.00,B1
GGGTTAACATTTGAGT-1,Fib,B1
GGGTTTAGGATAGGAT-1,NKer1,B1
GGTAAACTCTGCGCTG-1,Fib,B1
GGTAAATGTGCGTTAC-1,TKer1,B1
GGTAACCGGGAGGATA-1,BCell,B1
GGTAACTATGTATCTG-1,NKer3,B1
GGTACAAACATGCTAT-1,Fib,B1
GGTACATCTGGGACGA-1,MDC 1.00,B1
GGTACCATTAAGACGG-1,NKer2,B1
GGTACGTTGCGGCCGG-1,Fib,B1
GGTAGAAGACCGCCTG-1,Fib,B1
GGTAGACCGTTGGGCG-1,Fib,B1
GGTAGTGCTCGCACCA-1,Fib,B1
GGTATAGTGACACATA-1,NKer2,B1
GGTATGAAAGAACTGA-1,MDC 3.00,B1
GGTATTGCCGAGTTTA-1,TKer1,B1
GGTCAAGACTACTTCG-1,Fib,B1
GGTCAGTGGGTCCCAC-1,TKer1,B1
GGTCGGATAAACGGCG-1,Endo,B1
GGTCGGCCAGGAGCTT-1,Endo,B1
GGTCGGTAATTAGACA-1,MDC 3.00,B1
GGTCGGTCGTCCACAG-1,Fib,B1
GGTCGTAAGCTCGCAC-1,BCell,B1
GGTCTCCGTCCAGGTT-1,Fib,B1
GGTCTCTGAATGGACT-1,Fib,B1
GGTCTGAGAATCTGGA-1,Endo,B1
GGTCTTGAGCGCTCTT-1,Fib,B1
GGTGAAACCGGGAATG-1,MDC 3.00,B1
GGTGAAGTACAGGGAT-1,Fib,B1
GGTGAGATGCAGATAA-1,NKer3,B1
GGTGATAAGGAGCAGT-1,NKer1,B1
GGTGATGAAGGAAGTG-1,MDC 3.00,B1
GGTGATTTCATCTTGT-1,MDC 3.00,B1
GGTGCAGAGCCTATCG-1,NKer2,B1
GGTGCATAAATGATTA-1,Mel,B1
GGTGCGGATAAGTGGC-1,MDC 2.00,B1
GGTGCTGATCACAAAG-1,MDC 1.00,B1
GGTGCTGGTACACATT-1,Fib,B1
GGTGGGATTAGGTCCC-1,Fib,B1
GGTGTAGGTAAGTAAA-1,TCell,B1
GGTGTTCTGTTTCTAC-1,Endo,B1
GGTTACCACCCTCGGG-1,Fib,B1
GGTTAGCTATATGTCT-1,NKer1,B1
GGTTAGGCTTGGAGAA-1,MDC 1.00,B1
GGTTAGGGATGCTAAT-1,MDC 1.00,B1
GGTTAGTTACGGCGCC-1,MDC 1.00,B1
GGTTCCACCCGCTTCT-1,NKer3,B1
GGTTCCGTACGACTAA-1,Mel,B1
GGTTCGGATTATACTA-1,MDC 1.00,B1
GGTTGTGTAGCCTGGC-1,MDC 1.00,B1
GGTTTAATTACCATCG-1,Fib,B1
GGTTTACAATCTCAAT-1,TKer1,B1
GGTTTAGCCTTTCTTG-1,NKer2,B1
GGTTTCAATCGGTCAG-1,Endo,B1
GGTTTGAGTGCTGGAA-1,NKer3,B1
GGTTTGTGACCTGAGG-1,Fib,B1
GTAACTACGTAGACCT-1,BCell,B1
GTAACTGCCCAAGGAG-1,MDC 1.00,B1
GTAACTTGCGGCAGTC-1,MDC 3.00,B1
GTAAGCGGGCAGTCAG-1,TKer1,B1
GTAAGGATTTGTCGGA-1,MDC 2.00,B1
GTAAGTAACAGTCTGG-1,NKer1,B1
GTAAGTAGGGTATACC-1,MDC 1.00,B1
GTAATAAAGGGCTCCC-1,NKer2,B1
GTAATCTGATTCTTCG-1,Fib,B1
GTACACTTACCTGAAG-1,Fib,B1
GTACAGAGGCAAGGGT-1,NKer1,B1
GTACGAGATTGCGACA-1,MDC 2.00,B1
GTACGCTTCATTGCAC-1,NKer1,B1
GTACGTTTGCCCGTCA-1,NKer1,B1
GTACTAAGATTTGGAG-1,MDC 2.00,B1
GTACTCCCTTATCGCT-1,TCell,B1
GTACTCCTGGGTATGC-1,NKer1,B1
GTACTGAGGTCGTAAC-1,MDC 2.00,B1
GTACTGCATGAAGCGT-1,MDC 3.00,B1
GTACTGGAGTTAGACC-1,Endo,B1
GTACTTGGGCACTTCT-1,NKer3,B1
GTAGAAACGGGTGGAG-1,NKer3,B1
GTAGACAACCGATGAA-1,NKer3,B1
GTAGACGTCGTTACAT-1,NKer3,B1
GTAGAGGGAGACAAGT-1,Fib,B1
GTAGCCAAACATGGGA-1,NKer1,B1
GTAGCGCTGTTGTAGT-1,MDC 3.00,B1
GTAGCGGCTATACACT-1,TKer1,B1
GTAGCTAGTAAGCGCG-1,NKer3,B1
GTAGCTTCCTCTTGTT-1,Endo,B1
GTAGGTGATCCGTGTA-1,NKer1,B1
GTAGTCGCGGGAATCA-1,TKer1,B1
GTAGTCTACGATATTG-1,Fib,B1
GTAGTGAGCAACCTCA-1,Fib,B1
GTATAGGACTCAGTAG-1,MDC 2.00,B1
GTATAGTGGCCCATGT-1,Fib,B1
GTATCAAACGTTAGCT-1,NKer1,B1
GTATCAGCTTGGGTTC-1,Endo,B1
GTATCCTTTGGTAACC-1,Fib,B1
GTATCTCAGTCTTGAC-1,BCell,B1
GTATCTCGGGCGCTTT-1,BCell,B1
GTATCTTTCATAACCA-1,TKer1,B1
GTATGAAATTTCACTC-1,BCell,B1
GTATGTGGGTCTAGTT-1,NKer2,B1
GTATTAAGGCGTCTAA-1,NKer3,B1
GTATTCTGAGAAACGA-1,Fib,B1
GTCAAAGAAGTGGTGT-1,BCell,B1
GTCAAGCGGACTCGGG-1,NKer1,B1
GTCAATTGTACTGAAG-1,MDC 3.00,B1
GTCACAAAGTTTCCAA-1,MDC 2.00,B1
GTCACTCATGAGCGAT-1,MDC 1.00,B1
GTCACTCTCCAAATCT-1,MDC 1.00,B1
GTCAGAATAGTCTATG-1,MDC 1.00,B1
GTCAGTTGTGCTCGTT-1,Endo,B1
GTCAGTTTGGTAGTCG-1,MDC 1.00,B1
GTCATCCCAAACTCAC-1,MDC 1.00,B1
GTCATGCACCTCCGTT-1,NKer1,B1
GTCATGGACATGACTA-1,NKer1,B1
GTCATTAGAGCGAACG-1,TKer1,B1
GTCATTGCATTGACCC-1,MDC 1.00,B1
GTCCAATATTTAGCCT-1,Mel,B1
GTCCATTACTGCTACG-1,NKer1,B1
GTCCCAACGTAAAGTA-1,Endo,B1
GTCCCAATCATCCCGC-1,MDC 1.00,B1
GTCCGAGAGCAATCAT-1,MDC 1.00,B1
GTCCGGACCTGAAATT-1,NKer1,B1
GTCCGGCTGAATTGCG-1,MDC 2.00,B1
GTCCGGGTTCACATTA-1,Fib,B1
GTCCTACGAATAGTCT-1,TKer1,B1
GTCCTACTCTACGGGC-1,MDC 1.00,B1
GTCCTAGGATACCTTA-1,MDC 1.00,B1
GTCCTATTGTTGTGGT-1,NKer3,B1
GTCCTTCTAGTGGGTT-1,TKer1,B1
GTCGAATTTGGGCGCT-1,BCell,B1
GTCGCGTAACCCGTTG-1,NKer1,B1
GTCGGATATCTCAGAC-1,MDC 1.00,B1
GTCGGATGTAGCGCGC-1,TKer1,B1
GTCGGGAACATGGTAG-1,MDC 1.00,B1
GTCGGGAAGCAGAAAC-1,Fib,B1
GTCGGGTGAAGTACCG-1,Mel,B1
GTCGTACCATCTCGGG-1,TKer1,B1
GTCGTACCTACGATTG-1,MDC 1.00,B1
GTCGTATTGGCGTACA-1,Fib,B1
GTCGTCAATTATAAGG-1,NKer3,B1
GTCGTGTCTGGTCATC-1,NKer2,B1
GTCTACTCAATTACAA-1,MDC 1.00,B1
GTCTAGTGAGCCGCTT-1,Fib,B1
GTCTATCTGAGTTTCT-1,Fib,B1
GTCTCAAGGCCCGGCT-1,Endo,B1
GTCTCCCGAGTCCCGT-1,Fib,B1
GTCTCCTGCCAGTATG-1,BCell,B1
GTCTCGACTAAGTTTG-1,NKer2,B1
GTCTCGATCTGCTTTC-1,TKer1,B1
GTCTCGCCAACACGCC-1,MDC 3.00,B1
GTCTGGGCGGTCGAGA-1,Fib,B1
GTCTGTAGGTTGAACA-1,Fib,B1
GTCTTAGTACAGCCGG-1,TKer1,B1
GTGAAACGGCGCCACC-1,TKer1,B1
GTGAAACGTGCTCCAC-1,MDC 3.00,B1
GTGAACTCCCATTCGA-1,NKer2,B1
GTGAAGATTTCAAGTG-1,NKer1,B1
GTGAAGCCGTATAGTC-1,NKer1,B1
GTGAAGTCACGACTCG-1,MDC 1.00,B1
GTGACCGCACACTACG-1,NKer2,B1
GTGACGAGGGTGACCC-1,NKer2,B1
GTGACTTCAGTAGTGC-1,Fib,B1
GTGAGATAACCTTATA-1,Fib,B1
GTGAGCGTGCTGCACT-1,BCell,B1
GTGAGGACACTTAAGG-1,NKer2,B1
GTGAGGAGCGGTTGAG-1,TKer1,B1
GTGAGTCGACTAATAG-1,Mel,B1
GTGAGTCTAAGACGGA-1,MDC 3.00,B1
GTGAGTGGTACAACGC-1,Fib,B1
GTGATCACTAACGCCT-1,NKer1,B1
GTGATCATAGATCTGC-1,TKer1,B1
GTGATGCACAACATCT-1,NKer2,B1
GTGATTCGCCGCTCAA-1,Fib,B1
GTGCAACAAATGTGGC-1,MDC 2.00,B1
GTGCACCAGCTTCAAC-1,Mel,B1
GTGCACGAAAGTGACT-1,MDC 2.00,B1
GTGCCATCACACGGTG-1,Fib,B1
GTGCCCGTTCGGATTC-1,NKer1,B1
GTGCCGCTTCAAAGGT-1,Fib,B1
GTGCCTCAGTGTACGG-1,NKer1,B1
GTGCCTGAGACCAAAC-1,Endo,B1
GTGCGAAATCGAACAC-1,Fib,B1
GTGCGACAGGGAGTGT-1,NKer1,B1
GTGCGGGTCTCCAAAT-1,MDC 2.00,B1
GTGCGTGTATATGAGC-1,NKer1,B1
GTGCTCAAGTACTGTC-1,TKer1,B1
GTGCTGCAGATAAGGA-1,MDC 1.00,B1
GTGCTTACATCAGCGC-1,NKer1,B1
GTGGAACCTACATGCG-1,TKer2,B1
GTGGACCAACCCGATT-1,Fib,B1
GTGGACGCATTTGTCC-1,Fib,B1
GTGGACGTGCTGAGAC-1,MDC 2.00,B1
GTGGAGCGTTTACCGA-1,BCell,B1
GTGGCAAACAGCGGCA-1,BCell,B1
GTGGCCTAATATCATT-1,NKer3,B1
GTGGCGGGCCGTAGCT-1,MDC 3.00,B1
GTGGCGGTCCCAGCGT-1,BCell,B1
GTGGCTGTTTCTGTTC-1,Fib,B1
GTGGGAACAAACCGGG-1,Endo,B1
GTGGGAAGACTGAATC-1,MDC 1.00,B1
GTGGGCTTAGACACAC-1,MDC 2.00,B1
GTGGGTACTGAGCGTA-1,MDC 1.00,B1
GTGGTATAGTCTGCCG-1,Endo,B1
GTGGTCAGCGAAGTAT-1,Fib,B1
GTGGTGGCCAAGTGAA-1,NKer1,B1
GTGGTTACTTCTTTCG-1,NKer2,B1
GTGGTTTCCGCCTTTC-1,Fib,B1
GTGTACCTTGGCTACG-1,TKer1,B1
GTGTATATCAGCGGGC-1,Endo,B1
GTGTGAATAACTTAGG-1,Fib,B1
GTGTTACTATGCGTCC-1,NKer1,B1
GTTAAAGTAGGACTGG-1,NKer1,B1
GTTAACATCACTTAAA-1,TKer1,B1
GTTAACTATGTTGTCA-1,TKer1,B1
GTTAATGTCTATCTTA-1,MDC 1.00,B1
GTTACAATTGGTGACG-1,MDC 2.00,B1
GTTACCTACAACTTGC-1,TKer1,B1
GTTACTTTGGGCCTAG-1,Fib,B1
GTTAGAGTGTGCCGCT-1,TCell,B1
GTTAGCCCATGACATC-1,Fib,B1
GTTAGCCGTAAATCAA-1,NKer2,B1
GTTAGGCTACCCGTTT-1,BCell,B1
GTTATAATACGGTGAA-1,Fib,B1
GTTATATTATCTCCCT-1,Fib,B1
GTTATCACCTTCTGAA-1,NKer3,B1
GTTATTAAATACGACC-1,NKer3,B1
GTTATTAACGTGGGAG-1,MDC 3.00,B1
GTTCAATCTATGTCAA-1,TCell,B1
GTTCACAGGAGTCTAG-1,MDC 1.00,B1
GTTCATCGTTTGGCTG-1,NKer2,B1
GTTCCAGTCTGACCAT-1,MDC 2.00,B1
GTTCGACAATTGTATA-1,Endo,B1
GTTCGCCATAAGTGCC-1,TKer1,B1
GTTCGCTGAGACGTCT-1,NKer1,B1
GTTCGGAGCACTCAAC-1,TKer1,B1
GTTCGGATCGGGAACA-1,NKer1,B1
GTTCGGGCGTACCATT-1,NKer2,B1
GTTCGTCTAAAGAACT-1,NKer1,B1
GTTCTTCCCTCGATGT-1,MDC 2.00,B1
GTTGAACCGGTTCCAT-1,Fib,B1
GTTGCACGGAGTTTCG-1,TCell,B1
GTTGGATTCAGTGGCT-1,NKer1,B1
GTTGGATTGAGAACAC-1,Endo,B1
GTTGGATTTGCGTTGG-1,TKer1,B1
GTTGGTCATGCTATCC-1,Endo,B1
GTTGTCGTGTTAGTTG-1,MDC 2.00,B1
GTTTACGTTCCATCTG-1,TKer1,B1
GTTTCAAACGAGTTGT-1,Fib,B1
GTTTCATATCGTCGCT-1,TCell,B1
GTTTCCTGGAGGGTGA-1,TCell,B1
GTTTCTAGAGGCGCGG-1,Endo,B1
GTTTCTGCAGTCTCCC-1,NKer1,B1
GTTTCTTGTTAGAGCT-1,MDC 1.00,B1
GTTTGACCAAATCCTA-1,TKer1,B1
GTTTGGCCCAAGTTAT-1,NKer1,B1
GTTTGGGTTTCGCCCG-1,Fib,B1
GTTTGGTAGGGTCAAC-1,Fib,B1
GTTTGTTAGCCAAGTA-1,MDC 1.00,B1
TAAACCCAGGAGGGCA-1,MDC 1.00,B1
TAAAGAGCCCGAAACC-1,NKer3,B1
TAAAGCGGTATTTCCA-1,Fib,B1
TAAAGCGTTAGGAGAA-1,Endo,B1
TAAAGCTGCAATAGGG-1,TKer1,B1
TAAAGGAGAAACTAGT-1,MDC 3.00,B1
TAAAGTGCACGTCTCG-1,BCell,B1
TAAATGAATCCGTTTC-1,MDC 1.00,B1
TAAATGCCGTCTCATG-1,NKer1,B1
TAAATTTAGTAACACC-1,Fib,B1
TAACAAAGGGAGAAGC-1,MDC 1.00,B1
TAACAATATTTGTTGC-1,MDC 1.00,B1
TAACATACAATGTGGG-1,TKer1,B1
TAACATACACGCGATC-1,BCell,B1
TAACCGCCCGCAGTGC-1,NKer3,B1
TAACCTACCGTCCGAG-1,NKer1,B1
TAACGCTTTGAGAGCG-1,MDC 1.00,B1
TAACTATCGAAGGTCC-1,MDC 2.00,B1
TAACTATTACGCCAAA-1,NKer2,B1
TAACTCATCCGCGCGG-1,Fib,B1
TAACTCCATGGAGGCT-1,NKer3,B1
TAACTGAAATACGCCT-1,BCell,B1
TAAGCAGGCGACACGC-1,MDC 1.00,B1
TAAGCGCGAATCAAAT-1,Fib,B1
TAAGGAACTTGTGGGA-1,MDC 2.00,B1
TAAGGCAACATAAGAT-1,TKer1,B1
TAAGGCATAACATCAA-1,Fib,B1
TAAGGCCCGTCACCCT-1,Fib,B1
TAAGGCTGAATCCCTC-1,NKer2,B1
TAAGGGCCTGTCCGAT-1,TKer1,B1
TAAGGGCTGGGAGAGG-1,MDC 1.00,B1
TAAGTAACATCTTGAC-1,Fib,B1
TAAGTCGCCGAGTATC-1,Fib,B1
TAAGTTGCGACGTAGG-1,TKer1,B1
TAATAAACAAGGAGAT-1,NKer1,B1
TAATACACAGTAGTAT-1,MDC 2.00,B1
TAATACTAGAACAGAC-1,Fib,B1
TAATAGAACAGAGTTA-1,Fib,B1
TAATAGGTCACCAGAA-1,MDC 1.00,B1
TAATAGTGACGACCAG-1,Endo,B1
TAATATTGAAATTCGC-1,MDC 2.00,B1
TAATCGATCCGTACGT-1,Fib,B1
TAATGAAAGACCCTTG-1,NKer3,B1
TAATTACGTCAGTAGA-1,NKer1,B1
TAATTAGGACATCCGT-1,NKer1,B1
TAATTGCGCTGATTAC-1,MDC 1.00,B1
TAATTGGAATCGGGAA-1,TKer1,B1
TAATTTCCGTCCAGTA-1,MDC 1.00,B1
TACAAATTGCGGAGGT-1,NKer3,B1
TACAACGCACAACTCA-1,Endo,B1
TACAAGGGCTTCTTTA-1,MDC 2.00,B1
TACAAGTCTCGTGCAT-1,Fib,B1
TACATAGGCATACACC-1,Endo,B1
TACATCCCTATCCCTG-1,MDC 1.00,B1
TACATTTCTAACGTGC-1,Fib,B1
TACCAAATAGCCCAGA-1,Fib,B1
TACCAATAAAGTACCA-1,TKer1,B1
TACCAGAAGTAGGTTC-1,Fib,B1
TACCAGCTAGGTTTAA-1,MDC 2.00,B1
TACCGAATAATTGTAA-1,Fib,B1
TACCGCGGACTTGCAG-1,NKer1,B1
TACCGGCTCACTGCCC-1,NKer1,B1
TACCGGTCGTTTCCAT-1,Fib,B1
TACCGTAGGTTAACTA-1,Fib,B1
TACCGTGCCTCGGACC-1,NKer1,B1
TACCTACTCCCAGTAT-1,Fib,B1
TACCTATCCCTAGAGG-1,MDC 1.00,B1
TACCTCACGCTTGTAC-1,MDC 2.00,B1
TACCTCAGTTGTCTGT-1,Fib,B1
TACCTGCTGCACTGTG-1,MDC 1.00,B1
TACCTTAAGATTTCCC-1,BCell,B1
TACGAACACGACTTCA-1,TKer1,B1
TACGACGCTTGCTGCG-1,TKer1,B1
TACGACTGCCTCTTAG-1,Fib,B1
TACGAGAACTTCACGT-1,MDC 2.00,B1
TACGATGTTGATCATC-1,MDC 1.00,B1
TACGCAGTTCTTTCCT-1,Fib,B1
TACGCCATATTCTAAT-1,TKer1,B1
TACGCCGAGGGTACCC-1,Fib,B1
TACGCCTCCATTCCGA-1,Fib,B1
TACGCTATAGAAACCT-1,NKer2,B1
TACGCTCCTAGAACTG-1,Endo,B1
TACGCTCGGTATTGGA-1,TKer1,B1
TACGCTGATAGTTGTA-1,MDC 1.00,B1
TACGCTGCTGTGTTAA-1,MDC 1.00,B1
TACGGCATGGACGCTA-1,TKer1,B1
TACGGGATGCTAGCAG-1,TKer1,B1
TACGGGTAATAACATA-1,Fib,B1
TACGTAAAGCGGAGTG-1,Fib,B1
TACGTACTAGTGCTGA-1,Fib,B1
TACGTGCACTATGCTG-1,MDC 1.00,B1
TACGTTTACCGGCAAT-1,Fib,B1
TACTATGGTTCCTCAG-1,Fib,B1
TACTCCTCTAGTTGAC-1,MDC 1.00,B1
TACTCGGCACGCCGGG-1,MDC 1.00,B1
TACTCTCCGAACAAAT-1,TKer1,B1
TACTCTTACTTTACTG-1,TKer1,B1
TACTGAACAGATTTAG-1,Fib,B1
TACTGAGGGAAGAAAG-1,BCell,B1
TACTGCAATCAATTAC-1,TKer1,B1
TACTGGACAGCTCGGC-1,TCell,B1
TACTTAAACATGTACA-1,Fib,B1
TACTTGTTAGTAGTCC-1,NKer1,B1
TACTTTACTGAGCCGG-1,Endo,B1
TACTTTCCGCACGCCA-1,BCell,B1
TAGAAACCACTAAGTA-1,TCell,B1
TAGAAAGGTGGCGCTA-1,Endo,B1
TAGAAATTCACGTATA-1,MDC 1.00,B1
TAGAATAGCCGATGAA-1,Fib,B1
TAGAATTAAGGGCAAC-1,MDC 2.00,B1
TAGACGAAACGCCAAT-1,Fib,B1
TAGACGCCCGTACCGG-1,Fib,B1
TAGACTACCTAGCGTT-1,NKer1,B1
TAGACTCAGTTGGCCT-1,BCell,B1
TAGAGATCATGCAACT-1,Fib,B1
TAGAGCTACGAAGAAC-1,MDC 2.00,B1
TAGAGGGAGTTTATCT-1,Fib,B1
TAGAGGTTCTACTTGT-1,NKer1,B1
TAGAGTCTAAGCGAAC-1,MDC 2.00,B1
TAGATATGGACTGGAA-1,Fib,B1
TAGATCCGAAGTCGCA-1,MDC 2.00,B1
TAGATGGTTCCTTACT-1,Fib,B1
TAGATTCCTGGTTATT-1,MDC 1.00,B1
TAGCAACCTGTCACAA-1,MDC 1.00,B1
TAGCAGATACTTAGGG-1,Fib,B1
TAGCCATGATTGCCTA-1,BCell,B1
TAGCCATTTCAAAGTC-1,NKer2,B1
TAGCCGGCGGTCAGCG-1,Endo,B1
TAGCGTCCCTCGATTG-1,NKer1,B1
TAGCGTCCGGTGTGGT-1,TKer1,B1
TAGCGTCGAATATTGA-1,NKer3,B1
TAGCGTTGGGTCTTAC-1,TKer1,B1
TAGCTAAGTCCGGGAG-1,TKer1,B1
TAGCTAGAAGGCATGA-1,Fib,B1
TAGCTCGCCTGATAAC-1,Fib,B1
TAGCTGATGTGAAGCG-1,MDC 1.00,B1
TAGGAACAGCCTCCAG-1,TCell,B1
TAGGAGGCTCGAGAAC-1,Mel,B1
TAGGCATGTTACGCCA-1,TKer1,B1
TAGGCCTATATAGTCT-1,Fib,B1
TAGGCGATGAGGTCTC-1,BCell,B1
TAGGGAGCTTGGGATG-1,NKer1,B1
TAGGGTGTTTCAAGAG-1,MDC 2.00,B1
TAGGTCCAAGTAAGGA-1,MDC 1.00,B1
TAGGTCGCCGGAACTG-1,Endo,B1
TAGGTGACGATAACCT-1,Fib,B1
TAGGTGAGCCCTACTC-1,MDC 1.00,B1
TAGGTGCTCGCCTAGC-1,NKer1,B1
TAGGTGTTCCACAGAT-1,MDC 2.00,B1
TAGGTTCGAGTTCGTC-1,TKer1,B1
TAGTACCACAACTTTC-1,MDC 1.00,B1
TAGTACCTTAGTGGTC-1,MDC 3.00,B1
TAGTAGCTTATACCAG-1,Fib,B1
TAGTCCCGGAGACCAC-1,Mel,B1
TAGTCCGCAGAGAATG-1,Fib,B1
TAGTCCTGCACTAAGC-1,BCell,B1
TAGTCTAACAACGAGA-1,Fib,B1
TAGTCTGCGGCACATT-1,MDC 1.00,B1
TAGTCTGTGACGTTGC-1,TKer1,B1
TAGTCTTTCCGAATTG-1,TKer1,B1
TAGTGCCCTCCAGAGT-1,Fib,B1
TAGTGGAACTCATACA-1,MDC 2.00,B1
TAGTGTCAGAAACGGC-1,MDC 3.00,B1
TAGTTAAGATAGGATA-1,TKer1,B1
TAGTTTATTCTTGCTT-1,MDC 2.00,B1
TAGTTTGATCGGTCGC-1,MDC 1.00,B1
TATAAATCCACAAGCT-1,MDC 1.00,B1
TATAAGTGAGGATAGC-1,MDC 1.00,B1
TATACACAGACGCCTT-1,NKer1,B1
TATACACGCAAAGTAT-1,MDC 1.00,B1
TATACGCGTCATCACT-1,Fib,B1
TATACTCATGCGGCAA-1,MDC 3.00,B1
TATAGAGTCGCTTGAA-1,Fib,B1
TATAGATGGTCGCAGT-1,NKer2,B1
TATAGCGCACGTTATC-1,MDC 1.00,B1
TATAGCTATTATCTCT-1,MDC 1.00,B1
TATAGGGTACTCATGA-1,MDC 1.00,B1
TATAGTTAGGTGTACT-1,BCell,B1
TATATATCGAGAAATG-1,BCell,B1
TATATCAAAGTGATCT-1,BCell,B1
TATATCATTGATCAGT-1,NKer3,B1
TATATCCCTGGGAGGA-1,NKer2,B1
TATATTCGCGTCGATA-1,MDC 2.00,B1
TATCACAGCACGGGCA-1,NKer3,B1
TATCACCATGTAAAGT-1,NKer1,B1
TATCACCCAACCGACC-1,TKer1,B1
TATCACTTCGAGTAAC-1,NKer1,B1
TATCAGTGGCGTAGTC-1,BCell,B1
TATCCAATTGGTTATC-1,TKer1,B1
TATCCATATCATGCGA-1,MDC 2.00,B1
TATCCTATCAACTGGT-1,Endo,B1
TATCCTGCATGGGAAT-1,MDC 2.00,B1
TATCGATCTATGCATA-1,TKer1,B1
TATCGATGATTAAACG-1,TKer2,B1
TATCTACAGAGGTAAT-1,MDC 1.00,B1
TATCTACCACAGCGGG-1,TKer1,B1
TATCTAGCCTAAAGGA-1,MDC 1.00,B1
TATCTGAGCCGATATT-1,MDC 1.00,B1
TATCTTGCAATACAAC-1,BCell,B1
TATGAAGACAGGTGCG-1,MDC 1.00,B1
TATGACCTTGCGCTGG-1,MDC 1.00,B1
TATGATAAATCTAACG-1,Endo,B1
TATGATCCGGCACGCC-1,NKer2,B1
TATGCTCCCTACTTAC-1,MDC 2.00,B1
TATGGATGTGCTACGC-1,MDC 2.00,B1
TATGGCCCGGCCTCGC-1,MDC 1.00,B1
TATGGGACCGAGCAGG-1,TKer1,B1
TATGGGTACGTATCGT-1,TKer1,B1
TATGGTCTGAGTAACA-1,Fib,B1
TATGGTTAGTGGGAGA-1,NKer2,B1
TATGTAGAAACCCGGC-1,BCell,B1
TATGTCAAGACCGACT-1,Fib,B1
TATGTCTCATTGTGCC-1,Endo,B1
TATTAACACCAAAGCA-1,MDC 1.00,B1
TATTAACCTGACCGCG-1,Fib,B1
TATTACCATCCTGCTT-1,NKer2,B1
TATTATGTTTGCCTGC-1,BCell,B1
TATTCAATTCTAATCC-1,Fib,B1
TATTCCACTCAGCTCG-1,Fib,B1
TATTCCGAGCTGTTAT-1,NKer1,B1
TATTCCGGCAGTCCTA-1,MDC 3.00,B1
TATTCCTCCGCCCACT-1,BCell,B1
TATTCGTGCCAGAATA-1,TKer1,B1
TATTTAGTCTAGATCG-1,MDC 2.00,B1
TATTTATACCGAGTAG-1,TKer1,B1
TATTTGTTACCCTTTA-1,TCell,B1
TCAAACAACCGCGTCG-1,MDC 2.00,B1
TCAAACTTAGATTGTT-1,Fib,B1
TCAAAGAGCTATCTGT-1,MDC 1.00,B1
TCAAATTGTTGTGCCG-1,Fib,B1
TCAAATTTGAGACTCA-1,NKer1,B1
TCAACAAAGATAATTC-1,Fib,B1
TCAACACATTGGGTAA-1,MDC 3.00,B1
TCAACATAGCGCCCTA-1,Fib,B1
TCAACATCGACCGAGA-1,MDC 1.00,B1
TCAACCATGTTCGGGC-1,MDC 2.00,B1
TCAACGAGGAGACAAA-1,Fib,B1
TCAACGCAGGAAATAA-1,BCell,B1
TCAACGCGACCGGCAG-1,TCell,B1
TCAACTAACGTATAAC-1,MDC 1.00,B1
TCAAGAAATACTAGCT-1,NKer2,B1
TCAAGCGCGGACGGTA-1,TKer1,B1
TCAAGGTTACTACACC-1,NKer1,B1
TCAATACAATTGCTGC-1,MDC 3.00,B1
TCACAGCAAACTCGAA-1,Fib,B1
TCACAGGAGAATAAGA-1,Fib,B1
TCACAGGGAATCGCAA-1,NKer1,B1
TCACAGGTTATTGGGC-1,MDC 2.00,B1
TCACATCTTATCTGAT-1,MDC 1.00,B1
TCACCCTCTTAAGATT-1,TKer1,B1
TCACCGCTCGGCACTC-1,Fib,B1
TCACGATGTCCGTGGA-1,Fib,B1
TCACGATTAATACGTT-1,MDC 1.00,B1
TCACGCATTGTAGATC-1,Fib,B1
TCACGGTCATCGCACA-1,TCell,B1
TCACGTGCCCGATTCA-1,TKer1,B1
TCACTACGACCAATGC-1,NKer2,B1
TCACTCGTGCAACGGC-1,NKer1,B1
TCAGAACCTCCACAGG-1,NKer2,B1
TCAGACGCTATAGAAG-1,NKer1,B1
TCAGAGCATGTCAACG-1,MDC 1.00,B1
TCAGCAAATGCATCTC-1,Endo,B1
TCAGCAGTAGGCCCTG-1,Fib,B1
TCAGCTTGAGCTTTCG-1,BCell,B1
TCAGGGCGCAAACTCG-1,MDC 3.00,B1
TCAGGGTGCACGAAAC-1,Endo,B1
TCAGGGTGTAACGTAA-1,Fib,B1
TCAGGTTCTTTGAGAA-1,MDC 2.00,B1
TCAGTACTGACCCGCG-1,MDC 1.00,B1
TCAGTAGGGACTATAA-1,Fib,B1
TCAGTGTATACGTCAT-1,Endo,B1
TCAGTTACGGAATGAT-1,NKer3,B1
TCATACTTACAGATCC-1,MDC 1.00,B1
TCATATGAGCTTTGTT-1,Fib,B1
TCATCACTCGAGCTCG-1,MDC 3.00,B1
TCATCCCAGAGGGTGG-1,MDC 2.00,B1
TCATCCTCAGCTGCTT-1,Mel,B1
TCATCGATGGTCCCAA-1,BCell,B1
TCATGAAGCGCTGCAT-1,Fib,B1
TCATGCAGGTTCTCAT-1,TKer1,B1
TCATTTAAGTCTCCGA-1,NKer1,B1
TCCAACTCAGCTATCT-1,Fib,B1
TCCAACTTTAAATTCT-1,Fib,B1
TCCAATAAAGGCTACC-1,Fib,B1
TCCAATGCGTCGCCGC-1,Endo,B1
TCCACAATGGTTTACG-1,MDC 1.00,B1
TCCACCAAGACATAGG-1,Mel,B1
TCCACCTCTAGCCTTT-1,Fib,B1
TCCACTTTATCTAGGT-1,Endo,B1
TCCAGAGCACCGGTTC-1,NKer1,B1
TCCAGATGTACGCCAA-1,NKer2,B1
TCCAGCGCTATAAGCG-1,TKer1,B1
TCCAGGCGAGTACGGT-1,TKer1,B1
TCCAGGGTATATACGA-1,Fib,B1
TCCATCAATACTAATC-1,Fib,B1
TCCATTGTGACCTCGT-1,TCell,B1
TCCCAAACAGACAACG-1,NKer1,B1
TCCCAAACATCCTCTA-1,Mel,B1
TCCCAAAGACGAAGGA-1,MDC 2.00,B1
TCCCACGGAGGGAGCT-1,NKer3,B1
TCCCACTCTCTTCCGG-1,NKer2,B1
TCCCAGCTTTAGTCTG-1,TKer1,B1
TCCCAGGCTTAGCTAA-1,MDC 2.00,B1
TCCCGCGTACTCCTGG-1,NKer1,B1
TCCCGGGTGTGCTGCT-1,MDC 1.00,B1
TCCCGTCAGTCCCGCA-1,TKer1,B1
TCCCGTGTGCAATTTG-1,NKer1,B1
TCCCTCTTCTCAAGGG-1,TKer1,B1
TCCCTGGCGTATTAAC-1,BCell,B1
TCCCTGGCTCGCTGGA-1,BCell,B1
TCCCTTAGATTACTCG-1,TKer1,B1
TCCCTTGTCTGAAACT-1,Fib,B1
TCCGAACTTGGCTTAC-1,MDC 1.00,B1
TCCGAATGGTCCTGAG-1,NKer2,B1
TCCGATAATTGCCATA-1,MDC 2.00,B1
TCCGATGACTGAGCTC-1,TKer1,B1
TCCGATGGTGCGACAT-1,MDC 2.00,B1
TCCGATTACATTGCCG-1,MDC 1.00,B1
TCCGCGGCAGCATCTG-1,Fib,B1
TCCGCGGCCCAATGAA-1,MDC 3.00,B1
TCCGCTGGGTCGATCG-1,MDC 1.00,B1
TCCGCTGTCATCCCGG-1,NKer1,B1
TCCGCTTATCCCATTA-1,NKer1,B1
TCCGGCCTAGCGTACA-1,Endo,B1
TCCGGCCTGCATCGAT-1,NKer3,B1
TCCGGTTCGTCCGGTC-1,Endo,B1
TCCGTTAAGCTAATAT-1,NKer1,B1
TCCGTTTAGCCTTGAA-1,Fib,B1
TCCTAAATTGGGAAGC-1,TKer1,B1
TCCTAACCGTCGGGCA-1,Fib,B1
TCCTACATCCACGGCC-1,NKer1,B1
TCCTAGCAAAGAAGCT-1,Fib,B1
TCCTCCTAAGACATTC-1,BCell,B1
TCCTCGGGCTGGGCTT-1,TKer1,B1
TCCTCTACGAGATGGC-1,BCell,B1
TCCTCTCCAGTTGTCC-1,MDC 1.00,B1
TCCTCTGGCCCATTAG-1,TKer1,B1
TCCTGCCAACTGGAGA-1,TKer1,B1
TCCTGCGTTGATACTC-1,Fib,B1
TCCTTACGACGGTCCG-1,NKer2,B1
TCCTTCAATCCCTACG-1,MDC 1.00,B1
TCCTTCAGTGGTCGAA-1,MDC 2.00,B1
TCCTTTAAATCCGCTT-1,NKer1,B1
TCCTTTCTTACGCTTA-1,Fib,B1
TCGAAATTTAGGACCA-1,TKer1,B1
TCGAAGAACCGAGCAC-1,NKer2,B1
TCGAATATCCCGCAGG-1,Fib,B1
TCGACAACTGAACCCG-1,BCell,B1
TCGACATAGCGTAGCG-1,BCell,B1
TCGAGACCAACACCGT-1,Fib,B1
TCGAGCCAGGCAGGCC-1,Fib,B1
TCGAGTCTACGATTCG-1,BCell,B1
TCGATAGGCTAGTCGC-1,NKer3,B1
TCGATGTTACGGCCGT-1,MDC 1.00,B1
TCGCAAAGATGCATTT-1,TKer1,B1
TCGCACCAGGAGGCAG-1,NKer1,B1
TCGCATAAAGGGCGCA-1,TKer1,B1
TCGCATCCCTAAGTGT-1,MDC 3.00,B1
TCGCCCACTGCGAGAG-1,NKer3,B1
TCGCCGAAGTTGCGTC-1,Fib,B1
TCGCCGCACCGCGTGA-1,MDC 1.00,B1
TCGCCGGTCGATCCGT-1,MDC 2.00,B1
TCGCGCGTTTACATGA-1,TCell,B1
TCGCGTCCAGAAGGTC-1,MDC 2.00,B1
TCGCTAAACCGCTATC-1,TKer1,B1
TCGCTCGATATATTCC-1,NKer1,B1
TCGCTCGGCACCAGCG-1,NKer2,B1
TCGCTGGGCGGATTGT-1,Fib,B1
TCGCTGTGCGTAAATC-1,Endo,B1
TCGCTTTAAACGTTTG-1,TKer1,B1
TCGGAATGACCATCAA-1,TCell,B1
TCGGAATGCGCTCTGA-1,MDC 1.00,B1
TCGGACGCCCAGCCCA-1,Endo,B1
TCGGAGAGTATCGGGA-1,BCell,B1
TCGGAGTACATGAGTA-1,Endo,B1
TCGGAGTCCTGGTTGC-1,MDC 1.00,B1
TCGGATCTGGATGACC-1,MDC 1.00,B1
TCGGCGTACTGCACAA-1,MDC 1.00,B1
TCGGCTAACTTCCCTT-1,NKer3,B1
TCGGCTTGTATCGACG-1,Fib,B1
TCGGGAACGTGCCTAG-1,NKer2,B1
TCGGGATTCAAACATA-1,MDC 1.00,B1
TCGGGCCGTCGTGGTA-1,NKer2,B1
TCGGGTGAAACTGCTA-1,MDC 2.00,B1
TCGGTCCCGACAATAG-1,BCell,B1
TCGGTCCCTGACTCCA-1,TKer1,B1
TCGGTTAGCCATGTAG-1,TKer2,B1
TCGTAAGACGACATTG-1,TKer1,B1
TCGTAAGCTCCGAGGA-1,NKer1,B1
TCGTACCGACGTCAAG-1,Endo,B1
TCGTATAGTGCAATTA-1,MDC 1.00,B1
TCGTATTACCCATTGC-1,TCell,B1
TCGTATTTCGTCCGGA-1,TCell,B1
TCGTCACACTGTTAGC-1,MDC 1.00,B1
TCGTCCGCTGGCGTCT-1,MDC 1.00,B1
TCGTTAGGAGTCCCTA-1,TKer1,B1
TCGTTCGTTATTATGT-1,MDC 2.00,B1
TCGTTGCTATCCGGTC-1,Fib,B1
TCTAAAGAACAGTCTC-1,MDC 1.00,B1
TCTAACTGTATGTAAA-1,NKer3,B1
TCTAATACTGCCTCAG-1,BCell,B1
TCTACACGTTCATGCA-1,Endo,B1
TCTACCGTCCACAAGC-1,NKer1,B1
TCTAGCAATCTCCGCC-1,Fib,B1
TCTAGCATCTTCGATG-1,MDC 2.00,B1
TCTAGCATGCCCAGAA-1,NKer1,B1
TCTAGGTGGCGACGCT-1,Endo,B1
TCTAGTGATATCGTGG-1,NKer2,B1
TCTAGTTATCAGAAGA-1,Fib,B1
TCTATAGGTGGGTAAT-1,Fib,B1
TCTATCATGCAGTTAC-1,Endo,B1
TCTATCGGTCGCAACA-1,TKer1,B1
TCTATGCTATAACGAC-1,Fib,B1
TCTATTACGCTGGCGA-1,MDC 3.00,B1
TCTATTACTAGAGGAT-1,MDC 1.00,B1
TCTCAGGCTACTCGCT-1,Mel,B1
TCTCATGAGATAGGGT-1,NKer1,B1
TCTCCAACGTAGGTTA-1,TKer1,B1
TCTCCACAAGTTGAAT-1,Endo,B1
TCTCGAACGAGGTCAC-1,NKer2,B1
TCTCGACGTATCGCCG-1,NKer1,B1
TCTCGTGTTACGAGGA-1,MDC 1.00,B1
TCTCTAATAGCTGGTA-1,Endo,B1
TCTCTCGCCGCACATA-1,Fib,B1
TCTGAACCGGTCGGCT-1,MDC 1.00,B1
TCTGAATTCCGTACAA-1,Endo,B1
TCTGAGCAATTGACTG-1,Fib,B1
TCTGATGTATTCTGTC-1,NKer1,B1
TCTGCATACCTTGCTT-1,Fib,B1
TCTGCCAGAAACTGCA-1,NKer1,B1
TCTGGCGCAAGCCGGG-1,MDC 1.00,B1
TCTGGGAACCTTTGAA-1,NKer2,B1
TCTGGGTAGCGCTCAT-1,Fib,B1
TCTGTCATACAAGAGC-1,NKer3,B1
TCTGTGCCATCATAGT-1,Endo,B1
TCTGTTACCCAGCATA-1,Fib,B1
TCTGTTTAGATTGTTC-1,MDC 1.00,B1
TCTTACAGAGGTACCG-1,MDC 2.00,B1
TCTTACCGGAACTCGT-1,TKer1,B1
TCTTACGGCATCCGAC-1,MDC 1.00,B1
TCTTACTTATGCCTCT-1,NKer1,B1
TCTTAGAGCTCCAATT-1,NKer1,B1
TCTTAGAGTGAACTCT-1,NKer2,B1
TCTTCCCATGGGCACA-1,Endo,B1
TCTTCGAATAGACGTT-1,TKer1,B1
TCTTCGATACCAATAA-1,Fib,B1
TCTTCGCGGTGAGAGG-1,NKer1,B1
TCTTCTATAACCCGCC-1,NKer1,B1
TCTTGATGCGTAGCGA-1,Fib,B1
TCTTGGTAACACCAAA-1,MDC 2.00,B1
TCTTTAAGACTATGAA-1,Fib,B1
TCTTTAGAGTCTAACA-1,Fib,B1
TCTTTCATCCGTCCTT-1,MDC 1.00,B1
TCTTTCTCTTAAGGAG-1,TCell,B1
TGAAACTTATGCAAGC-1,MDC 2.00,B1
TGAAAGGACCTGACTC-1,TKer1,B1
TGAACCTGAATGTGAG-1,MDC 1.00,B1
TGAACTGCTATGACTT-1,MDC 1.00,B1
TGAATGAGTGTTTCCC-1,Mel,B1
TGAATGTCAGCCGGCC-1,NKer1,B1
TGAATTTCACTTGCCT-1,MDC 1.00,B1
TGACAACTTAAAGGTG-1,MDC 1.00,B1
TGACACTTCTCTTTGC-1,NKer1,B1
TGACAGAAATCTTGCT-1,BCell,B1
TGACAGGACAAGTCCA-1,BCell,B1
TGACATATATGACGAT-1,MDC 1.00,B1
TGACATCGAGCGGACC-1,NKer1,B1
TGACATGTAACGTGAC-1,Fib,B1
TGACCAAATCTTAAAC-1,Endo,B1
TGACCAGCTTCAAAGT-1,TKer1,B1
TGACCCACGTTAGACA-1,Fib,B1
TGACGAATATTTCCCT-1,BCell,B1
TGACGATGCACTAGAA-1,NKer2,B1
TGACTATAATCCTTTC-1,NKer1,B1
TGAGAATGCTTTACCG-1,MDC 2.00,B1
TGAGACGTACCTCTCA-1,MDC 1.00,B1
TGAGAGATTTACCACG-1,NKer2,B1
TGAGATCAAATACTCA-1,MDC 2.00,B1
TGAGATTAGGCCCTAA-1,NKer1,B1
TGAGCCATACAGTCTC-1,Fib,B1
TGAGCGGAAAGTGTTC-1,TKer1,B1
TGAGCTTTAATGACGC-1,TKer1,B1
TGAGGAGTGCCAGCTT-1,Endo,B1
TGAGGCATGTACTGTG-1,BCell,B1
TGAGGTGTGTGGCGGA-1,Endo,B1
TGAGTAAATTAGCGTA-1,Fib,B1
TGAGTGCCTCTTAAAT-1,Fib,B1
TGAGTGGTCCGTGACG-1,Endo,B1
TGAGTTAAAGACATTC-1,Fib,B1
TGATACATTTAGCCGT-1,Fib,B1
TGATAGCGGGATTCTA-1,MDC 1.00,B1
TGATCACCACACTGAC-1,Endo,B1
TGATCAGGGAACTGCT-1,MDC 2.00,B1
TGATCCCAGCATTAGT-1,NKer2,B1
TGATCGGTTTGACCCT-1,TKer1,B1
TGATCTACGCTGATCT-1,TKer1,B1
TGATCTATCACACTCT-1,Fib,B1
TGATCTCCGGCGCCAG-1,MDC 2.00,B1
TGATGGCTGTTTCTGA-1,NKer2,B1
TGATGTCAATTAAGTG-1,Fib,B1
TGATTCAGGTCCCGCG-1,MDC 1.00,B1
TGATTCCCGGTTACCT-1,Fib,B1
TGATTCGTCTATCACT-1,MDC 2.00,B1
TGATTCTGTCGCCGGT-1,Fib,B1
TGATTTATTAGCTGTG-1,Fib,B1
TGATTTCCTCCTGACG-1,NKer3,B1
TGCAACCCATCTGCGG-1,TKer1,B1
TGCAAGAATGACGTAA-1,TKer1,B1
TGCAATCTAACACGGT-1,Fib,B1
TGCAATTTGGGCACGG-1,NKer2,B1
TGCACAGTGAAGTTAT-1,NKer1,B1
TGCACGAGTCGGCAGC-1,NKer3,B1
TGCAGAACTATATCGT-1,Fib,B1
TGCAGAGTACCGAGCA-1,Fib,B1
TGCAGATCGTCCTAGG-1,MDC 1.00,B1
TGCAGCTACGTACTTC-1,MDC 1.00,B1
TGCAGGATCGGCAAAG-1,TKer1,B1
TGCAGTTTCCTCCCAT-1,NKer2,B1
TGCATATGTCTGTCAC-1,Fib,B1
TGCATGGATCGGATCT-1,MDC 2.00,B1
TGCATGTGGTAATCTA-1,Endo,B1
TGCCAAAGTCAGACTT-1,Fib,B1
TGCCAATGGGTACTCT-1,Fib,B1
TGCCACACTAGAGGAA-1,MDC 1.00,B1
TGCCACCTGGCGAAAC-1,Fib,B1
TGCCAGTACGTGGAGA-1,Fib,B1
TGCCATTACTAAAGAA-1,TKer1,B1
TGCCCGTACCGTTAAA-1,NKer1,B1
TGCCGTGGATCGTCCT-1,Fib,B1
TGCCGTGGGACCCAAT-1,Fib,B1
TGCCGTTCTTAATCGG-1,MDC 1.00,B1
TGCCTGATCAAACGAT-1,Fib,B1
TGCCTTGGCCAGGCAA-1,TKer1,B1
TGCGAATATGGGATTT-1,MDC 1.00,B1
TGCGACACCCTAGTGC-1,Fib,B1
TGCGACGGCCGAACGT-1,BCell,B1
TGCGAGAATATTACCC-1,Fib,B1
TGCGAGCCCTTCCGCG-1,NKer2,B1
TGCGCAAAGCATTTGG-1,Fib,B1
TGCGCGATTAACGGAG-1,MDC 2.00,B1
TGCGGACTTGACTCCG-1,Fib,B1
TGCGGAGTAAAGGTGC-1,MDC 2.00,B1
TGCGGCATAGTTCAAC-1,MDC 2.00,B1
TGCGGGTATTGGGATC-1,MDC 3.00,B1
TGCGGTGAAATTTCAT-1,MDC 2.00,B1
TGCGTAAGAACCTGAT-1,Fib,B1
TGCGTCATGACTGAGC-1,BCell,B1
TGCGTTTGTTGACACT-1,NKer1,B1
TGCTAAGTGTCTATTT-1,Fib,B1
TGCTATACAAACGGAC-1,NKer3,B1
TGCTCAAAGGATGCAC-1,MDC 1.00,B1
TGCTCCACAGTTCTTA-1,NKer2,B1
TGCTCGGCGAAACCCA-1,Endo,B1
TGCTGGTTGGACAATT-1,MDC 1.00,B1
TGCTGTTGAAGAACTC-1,TKer1,B1
TGGAACCACTGACACA-1,TKer1,B1
TGGAAGAAGGGAACGT-1,MDC 2.00,B1
TGGAAGACGAACACCA-1,MDC 2.00,B1
TGGAAGGATAAAGATG-1,MDC 2.00,B1
TGGAATATCCTTGACC-1,NKer2,B1
TGGAATTAGACGCTTT-1,MDC 1.00,B1
TGGACCAATCTAAGAT-1,Fib,B1
TGGACGCAATCCAGCC-1,BCell,B1
TGGACTGTTCGCTCAA-1,Fib,B1
TGGAGCTAAAGTTCCC-1,MDC 2.00,B1
TGGAGTGATGCGATGA-1,MDC 2.00,B1
TGGCAAACTAAATTAC-1,NKer1,B1
TGGCAACTCGCGCGCC-1,TKer2,B1
TGGCAAGCACAAGTCG-1,MDC 2.00,B1
TGGCAGATTACGATCA-1,NKer1,B1
TGGCAGCAGTAATAGT-1,TKer1,B1
TGGCATGAAGTTTGGG-1,BCell,B1
TGGCCAAACTGAAGTA-1,Endo,B1
TGGCCAATTTGGTACT-1,MDC 1.00,B1
TGGCCGTATATTGACC-1,MDC 2.00,B1
TGGCGACTGCTCCAAA-1,Fib,B1
TGGCGATCAAGTTATG-1,Fib,B1
TGGCGGTGTGCGATTG-1,MDC 3.00,B1
TGGCTCTTGTCGCGTA-1,MDC 1.00,B1
TGGCTTATGTATAATG-1,MDC 1.00,B1
TGGCTTTGGGTAGACA-1,MDC 2.00,B1
TGGGAAATGCCTTTCC-1,MDC 1.00,B1
TGGGATGCACTCATTC-1,NKer2,B1
TGGGCAATAGTTGGGT-1,Fib,B1
TGGGCACAAACAGAAC-1,MDC 3.00,B1
TGGGCACGTTCTATGG-1,TKer1,B1
TGGGCAGGCCACCGCA-1,TKer1,B1
TGGGCCACAAGAGCGC-1,NKer1,B1
TGGGCCCATACTAATT-1,NKer1,B1
TGGGCGATACAATAAG-1,Endo,B1
TGGGTAAGGTTCCCGC-1,TKer1,B1
TGGGTGTTAAGTAGAA-1,Fib,B1
TGGTAAGCAGGATTGA-1,MDC 1.00,B1
TGGTAGAATATATGGG-1,TKer1,B1
TGGTATCGCATCCCAA-1,Endo,B1
TGGTATCGGTCTGTAT-1,NKer3,B1
TGGTCGATATACCTCT-1,Mel,B1
TGGTCGTGCAAGGCAA-1,MDC 1.00,B1
TGGTCTGTTGGGCGTA-1,TCell,B1
TGGTGATCGTATTTGT-1,MDC 1.00,B1
TGGTTAACTTACATTT-1,BCell,B1
TGGTTAAGGGCGCTGG-1,NKer2,B1
TGGTTCAACGGGTAAT-1,TKer1,B1
TGGTTCGTAGCAAAGG-1,MDC 2.00,B1
TGGTTGGAGGATCCTG-1,NKer1,B1
TGGTTTAAACGTGGGT-1,NKer2,B1
TGTAAGACTGATAAGA-1,MDC 1.00,B1
TGTAATGACCACAATA-1,MDC 1.00,B1
TGTACCTACACGAGGG-1,Endo,B1
TGTACGAACAAATCCG-1,TKer1,B1
TGTACGCTATCAGCTT-1,NKer3,B1
TGTACTTCCGGGCATG-1,Mel,B1
TGTAGGAGAAATTTCC-1,Fib,B1
TGTAGTGATCTATAAT-1,MDC 2.00,B1
TGTATAACAGATCCTG-1,Endo,B1
TGTATCCTTATTCCAT-1,MDC 2.00,B1
TGTATGGCGCAGACAG-1,NKer2,B1
TGTCATTTGTTGGGAA-1,NKer1,B1
TGTCCCGACATAGCAC-1,MDC 2.00,B1
TGTCCGTGGCGCCTTT-1,MDC 1.00,B1
TGTCCTAAGTCACCGC-1,TCell,B1
TGTCGTGGGTATAGGC-1,Mel,B1
TGTCGTTATCACATAT-1,BCell,B1
TGTCTACAGTTTCTGT-1,MDC 2.00,B1
TGTGACTACGCCAGTC-1,Fib,B1
TGTGATTCCAGCGCTT-1,NKer3,B1
TGTGCCAGAGGCAAAG-1,MDC 1.00,B1
TGTGCTTTACGTAAGA-1,MDC 1.00,B1
TGTGGAGGAAGCTTAA-1,MDC 3.00,B1
TGTGGCAAAGCGTATG-1,Endo,B1
TGTGGCGGGCTTCTGG-1,Fib,B1
TGTGGTTGCTAAAGCT-1,Mel,B1
TGTGTCGAAGTCGAGG-1,MDC 1.00,B1
TGTGTCGCGAGTTGCA-1,MDC 1.00,B1
TGTGTGACCATGAATC-1,MDC 1.00,B1
TGTGTTCGTATCCAAG-1,Fib,B1
TGTTATTGTATGTGGC-1,NKer1,B1
TGTTCATAAATGTGCT-1,MDC 3.00,B1
TGTTCCGCTTCCATGA-1,Fib,B1
TGTTCGTATTGCGGTG-1,NKer1,B1
TGTTCTTCCATTGACT-1,MDC 2.00,B1
TGTTGTCAAGAAGTCT-1,TKer1,B1
TGTTTAATACTTCATC-1,TCell,B1
TGTTTCGGTACTTCTC-1,MDC 2.00,B1
TGTTTGAGATCGTCAG-1,Fib,B1
TTAAACCGGTAGCGAC-1,NKer3,B1
TTAAACCTGGTTCCTT-1,NKer3,B1
TTAAACTCGAATTCAT-1,Endo,B1
TTAAAGTAAGTCGCCA-1,Fib,B1
TTAACACCTCGAACAT-1,MDC 1.00,B1
TTAACCAACCCTCCCT-1,MDC 2.00,B1
TTAACGTCGCAAGACC-1,Endo,B1
TTAACGTTAAAGCCTG-1,MDC 1.00,B1
TTAACTCACGCGTGGA-1,MDC 3.00,B1
TTAACTTCAGGTAGGA-1,BCell,B1
TTAAGACGAACGAACC-1,TKer1,B1
TTAAGATAGGATTGAC-1,NKer2,B1
TTAAGCCGACAACTTC-1,TKer2,B1
TTAAGCGCCTGACCCA-1,MDC 2.00,B1
TTAAGGCCCGTACTTT-1,BCell,B1
TTAAGTATTGTTATCC-1,Fib,B1
TTAATCAGTACGTCAG-1,MDC 2.00,B1
TTAATGCGAGGTAACT-1,NKer3,B1
TTAATGTAGACCAGGT-1,TKer1,B1
TTAATTGCTTTGGGTG-1,Fib,B1
TTAATTTCAGACGCGG-1,MDC 2.00,B1
TTACAACTACGCATCC-1,MDC 2.00,B1
TTACACGATCTGCGAC-1,TKer1,B1
TTACAGACCTAAATGA-1,Endo,B1
TTACATCGTGGCCTGG-1,Endo,B1
TTACATGCCACAACTA-1,NKer2,B1
TTACCATTGATTACCC-1,TCell,B1
TTACCCATTGCCGGGT-1,TKer1,B1
TTACCCTAACAGTCCT-1,MDC 1.00,B1
TTACCCTAGGGATTGG-1,Mel,B1
TTACGGATGGTTCGAG-1,Endo,B1
TTACGTATCTATGACA-1,TKer1,B1
TTACTAAAGGACTTTA-1,NKer1,B1
TTACTATCGGCTTCTC-1,MDC 1.00,B1
TTACTCCGGCCGGGAA-1,Fib,B1
TTACTCTGGTACGTAC-1,Fib,B1
TTACTGGGATATTTCA-1,TKer1,B1
TTACTGTTTCTCTACG-1,MDC 3.00,B1
TTAGAAGAACATGACT-1,NKer1,B1
TTAGACACGATCGTTG-1,TKer2,B1
TTAGACGAGTCACCTC-1,NKer1,B1
TTAGAGGGATATACAG-1,MDC 1.00,B1
TTAGAGTATTGTCGAG-1,Fib,B1
TTAGAGTTTAGAAGGA-1,NKer1,B1
TTAGCAACATGGATGT-1,NKer3,B1
TTAGCATCCCTCACGT-1,MDC 1.00,B1
TTAGCCATAGGGCTCG-1,MDC 1.00,B1
TTAGCTAATACGATCT-1,TKer1,B1
TTAGCTCTGTAATCCG-1,MDC 1.00,B1
TTAGCTGATTTGCCGT-1,NKer2,B1
TTAGGTCATAACCGAC-1,Fib,B1
TTAGTAGGGCGGCGGG-1,BCell,B1
TTAGTTATTCGTGGCA-1,NKer1,B1
TTAGTTCAAGTGTTCG-1,NKer1,B1
TTATAGATGCACATTA-1,MDC 3.00,B1
TTATATACGCTGTCAC-1,TKer1,B1
TTATATTTGGCAATCC-1,TKer1,B1
TTATCCAATCGAACTC-1,MDC 3.00,B1
TTATCCGGGATCTATA-1,NKer1,B1
TTATCCTCAAGGAATA-1,BCell,B1
TTATCGCCTGCGAAGC-1,MDC 1.00,B1
TTATCTGACATTAGGA-1,MDC 1.00,B1
TTATCTGTATCATAAC-1,Fib,B1
TTATGAATGAAAGGGA-1,TKer1,B1
TTATGACAAACTGGAT-1,MDC 1.00,B1
TTATGATCTTAACGAA-1,NKer1,B1
TTATGCGTCCCGGTCC-1,MDC 3.00,B1
TTATGTTTGCGATAGA-1,MDC 1.00,B1
TTATTAGGGAAGCATC-1,MDC 2.00,B1
TTCAAAGTCTCTAGCC-1,Fib,B1
TTCAACGACCCGACCG-1,MDC 2.00,B1
TTCAAGCCGAGCTGAG-1,TKer2,B1
TTCAATACTCTGAATC-1,NKer1,B1
TTCAATTAGCCATAAT-1,TCell,B1
TTCACGAAAGGATCAC-1,Fib,B1
TTCACTCGAGCACCTA-1,NKer1,B1
TTCACTTCCTAGAACG-1,Mel,B1
TTCAGCCCTGGTCCAC-1,NKer1,B1
TTCAGCTGGCGTGCCC-1,NKer1,B1
TTCAGGCGTCAAAGCC-1,MDC 1.00,B1
TTCAGTTTGTGGCAGC-1,MDC 3.00,B1
TTCATGGCGCAACAGG-1,MDC 2.00,B1
TTCCAATCAGAGCTAG-1,Endo,B1
TTCCAATCTGGCTATC-1,Fib,B1
TTCCACACAGATTTGA-1,Fib,B1
TTCCACATTTCTCGTC-1,NKer3,B1
TTCCAGACGAGATTTA-1,NKer1,B1
TTCCATCATGCGGTGA-1,NKer1,B1
TTCCATCGACAGCGTG-1,TKer1,B1
TTCCCGACGCTTCACT-1,NKer3,B1
TTCCCGGCGCCAATAG-1,MDC 1.00,B1
TTCCGCAGAGAAATAT-1,NKer2,B1
TTCCGCGTGAGGCGAT-1,TKer1,B1
TTCCGGCCTTGAGGCT-1,Fib,B1
TTCCGGTTACCCACTT-1,NKer1,B1
TTCCTCGAGGGTGTCT-1,MDC 2.00,B1
TTCCTCGGACTAACCA-1,TKer1,B1
TTCCTCTGCCCGAATA-1,MDC 1.00,B1
TTCGACAGAGCCCGTG-1,NKer1,B1
TTCGACGGGAAGGGCG-1,MDC 2.00,B1
TTCGCACTCGCGTGCT-1,TCell,B1
TTCGCACTGTACGACA-1,Mel,B1
TTCGCCGCTCGCGCTA-1,BCell,B1
TTCGCTATCTGACGTG-1,NKer1,B1
TTCGGACTGATGCCTT-1,Fib,B1
TTCGGCAACCCGCTGA-1,NKer1,B1
TTCGGCTAGAGATGGT-1,MDC 3.00,B1
TTCGGGACTAATCGCG-1,TKer1,B1
TTCGGGTTGCCACGGG-1,Fib,B1
TTCGGTACTGTAGAGG-1,Endo,B1
TTCGTAATCCCAGCGG-1,TKer2,B1
TTCGTACTCCAGAACG-1,MDC 1.00,B1
TTCGTTCAACGAAGTT-1,NKer1,B1
TTCTAACCGAAGCTTA-1,Fib,B1
TTCTACCTCAATCGGT-1,BCell,B1
TTCTACCTTTATGTTG-1,Fib,B1
TTCTACTTGCGAGGGC-1,MDC 1.00,B1
TTCTAGAAAGTCTTAT-1,Fib,B1
TTCTAGGCCAATTGTG-1,MDC 2.00,B1
TTCTATTAAACGCAGC-1,MDC 1.00,B1
TTCTCAATTGCTACAA-1,BCell,B1
TTCTCTTACAGGTGAT-1,BCell,B1
TTCTGACCGGGCTCAA-1,TKer1,B1
TTCTGCCGCGCCTAGA-1,NKer1,B1
TTCTGCGAGCGCCCTT-1,MDC 1.00,B1
TTCTGCTAGACTCCAA-1,NKer2,B1
TTCTTAGTGAACGGTG-1,NKer3,B1
TTCTTAGTGGCTCAGA-1,MDC 2.00,B1
TTCTTATCCGCTGGGT-1,NKer1,B1
TTCTTCCCTTTGATAT-1,NKer3,B1
TTCTTCGCAATAGAGC-1,NKer3,B1
TTCTTGAGCCGCGCTA-1,Fib,B1
TTCTTGCTAGCATCTC-1,NKer1,B1
TTCTTGGACGATCTGC-1,Fib,B1
TTCTTGGAGTAATGAG-1,TKer1,B1
TTCTTGTAACCTAATG-1,MDC 1.00,B1
TTCTTGTGTCCATCAG-1,NKer3,B1
TTCTTTGGTCGCGACG-1,NKer2,B1
TTGAAAGGTGTAAAGG-1,NKer2,B1
TTGAACGAATCCTTTG-1,MDC 3.00,B1
TTGAACGACGTGCTGA-1,TKer1,B1
TTGAAGAATTCCCAGG-1,Fib,B1
TTGAATATGGACTTTC-1,Fib,B1
TTGAATCGTTGTATAA-1,MDC 1.00,B1
TTGAATTCACGTGAGG-1,NKer2,B1
TTGACAGGAGCTCCCG-1,NKer1,B1
TTGACATGAACGTGGA-1,Fib,B1
TTGACCATGTTCTCCG-1,TKer1,B1
TTGACCGTGTTAATGA-1,Fib,B1
TTGACGATTCAGCACG-1,NKer3,B1
TTGACGCTCCATGAGC-1,NKer2,B1
TTGACTACCATATGGT-1,Fib,B1
TTGACTATTGTCCGGC-1,NKer1,B1
TTGAGAAGTTTAGCAT-1,NKer1,B1
TTGAGAGTACTGCTAA-1,Fib,B1
TTGAGCAGCCCACGGT-1,NKer2,B1
TTGAGGCATTTAACTC-1,Endo,B1
TTGATCTAACTTTGTC-1,MDC 2.00,B1
TTGATGTGTAGTCCCG-1,TKer1,B1
TTGATTAGCTGTTTCT-1,Endo,B1
TTGATTATGCAGATGA-1,MDC 1.00,B1
TTGCACAATTCAGAAA-1,TKer1,B1
TTGCACGGAGCAGCAC-1,MDC 1.00,B1
TTGCATGCTGATCACG-1,Fib,B1
TTGCCAAGCAGAACCC-1,TKer2,B1
TTGCCATAGCCCGCTC-1,BCell,B1
TTGCCCTGATCACGGG-1,MDC 2.00,B1
TTGCCGCAGACCTACA-1,MDC 1.00,B1
TTGCCGGTGATCCCTC-1,NKer1,B1
TTGCGCTTGATCAATA-1,Fib,B1
TTGCGGCATCAGAAAG-1,Fib,B1
TTGCGGCGACTCATGC-1,MDC 3.00,B1
TTGCGTAGTTTGAGGA-1,MDC 1.00,B1
TTGCGTCGGCCAACCG-1,Fib,B1
TTGCGTGAACGCTTAG-1,NKer1,B1
TTGCTCCCATACCGGA-1,TKer1,B1
TTGCTGAAGGAACCAC-1,MDC 2.00,B1
TTGCTGATCATGTTCG-1,TKer1,B1
TTGCTGCACCTATCCA-1,NKer3,B1
TTGCTGGCCGGGCTTC-1,TCell,B1
TTGGAAGAATACAGTC-1,BCell,B1
TTGGACATGTGGCTTA-1,Fib,B1
TTGGACCATCTGGCAA-1,MDC 2.00,B1
TTGGACCTATAACAGT-1,Fib,B1
TTGGAGTCTCCCTTCT-1,MDC 3.00,B1
TTGGATATCGTCTACG-1,Fib,B1
TTGGATCGACTTCTGG-1,MDC 2.00,B1
TTGGATTGGGTACCAC-1,MDC 2.00,B1
TTGGCCTAGAATTTCG-1,TKer1,B1
TTGGCTCAATATGTGT-1,TKer1,B1
TTGGCTCGCATGAGAC-1,MDC 1.00,B1
TTGGGAAGACGAGCCG-1,Endo,B1
TTGGGACACTGCCCGC-1,Fib,B1
TTGGGACGTAAGAGTT-1,NKer1,B1
TTGGGCGGCGGTTGCC-1,Endo,B1
TTGGTCACACTCGTAA-1,Fib,B1
TTGGTTGCGGTGCGCG-1,BCell,B1
TTGTAAGGACCTAAGT-1,Fib,B1
TTGTAAGGCCAGTTGG-1,Endo,B1
TTGTAATCCGTACTCG-1,TKer1,B1
TTGTACACCTCGAACA-1,MDC 1.00,B1
TTGTATCACACAGAAT-1,TKer2,B1
TTGTCACCGCGGTATC-1,MDC 1.00,B1
TTGTCGTTCAGTTACC-1,NKer1,B1
TTGTGAACCTAATCCG-1,NKer1,B1
TTGTGAGGCATGACGC-1,MDC 1.00,B1
TTGTGATCTGTTCAGT-1,Fib,B1
TTGTGCGGAAGCGGAT-1,MDC 1.00,B1
TTGTGGCCCTGACAGT-1,MDC 2.00,B1
TTGTGGTAGGAGGGAT-1,BCell,B1
TTGTGTATGCCACCAA-1,Fib,B1
TTGTTAGCAAATTCGA-1,MDC 1.00,B1
TTGTTCAGTGTGCTAC-1,TKer1,B1
TTGTTGTGTGTCAAGA-1,Endo,B1
TTGTTTCACATCCAGG-1,Fib,B1
TTGTTTCCATACAACT-1,Endo,B1
TTGTTTGTATTACACG-1,MDC 1.00,B1
TTGTTTGTGTAAATTC-1,NKer3,B1